date,heure_depart_prevue,compagnie,aeroport_depart,aeroport_arrivee,cyber_alert,retard_minutes,annulation,cause_perturbation,ml_alert,niveau_crise,proba_cyber,pred_annulation,pred_retard,aviation_perturbee
2025-04-01,11:45,Ryanair,LHR,FCO,0,0,0,aucune,0,0,0.0061212121212121,0,11.579362303669598,0
2025-04-01,20:15,AirFrance,FCO,ORD,0,8,0,aucune,0,0,0.0007705627705627,0,10.440359952474626,0
2025-04-01,15:15,AirFrance,AMS,LIS,0,14,0,aucune,0,0,0.0,0,9.966070755329286,0
2025-04-01,05:30,Delta,IST,GVA,0,12,0,aucune,0,0,0.0,0,10.244674782782845,0
2025-04-01,12:30,Iberia,FCO,CPH,0,12,0,aucune,0,0,0.0005797101449275,0,10.691232473657317,0
2025-04-01,07:00,KLM,JFK,DXB,0,0,0,aucune,0,0,0.0,0,8.861084678056228,0
2025-04-01,10:00,Emirates,LHR,JFK,0,22,0,aucune,0,0,0.006,0,11.985896508105752,0
2025-04-01,06:45,Iberia,DXB,CPH,0,10,0,aucune,0,0,0.0001212121212121,0,10.606186084548272,0
2025-04-01,22:45,KLM,CDG,ORD,0,0,0,aucune,0,0,0.0011357048748353,0,8.986370223678295,0
2025-04-01,14:30,Swiss,AMS,DXB,0,13,0,aucune,0,0,0.0,0,10.828903708005043,0
2025-04-01,09:30,Swiss,LHR,BCN,0,11,0,aucune,0,0,0.0001212121212121,0,10.660091754206038,0
2025-04-01,20:45,Delta,AMS,ATH,0,0,0,aucune,0,0,0.0005797101449275,0,10.143356218257845,0
2025-04-01,20:00,British,MAD,IST,0,0,0,aucune,0,0,0.0022957274609448,0,10.826224761163816,0
2025-04-01,05:30,Delta,LHR,BRU,0,12,0,aucune,0,0,0.0,0,10.307708320757492,0
2025-04-01,08:00,Ryanair,FCO,IST,0,0,0,aucune,0,0,0.0005797101449275,0,10.260372098195912,0
2025-04-01,22:15,British,CDG,IST,0,3,0,aucune,0,0,0.0004347826086956,0,9.804842831838823,0
2025-04-01,18:30,British,BRU,LHR,0,24,0,aucune,0,0,0.0005797101449275,0,10.879528199990116,0
2025-04-01,22:15,Lufthansa,BRU,ATH,0,0,0,aucune,0,0,0.0010144927536231,0,8.3778886766896,0
2025-04-01,13:15,Turkish,BRU,ZRH,0,0,0,aucune,0,0,0.0,0,10.217255525569627,0
2025-04-01,17:30,Ryanair,BRU,ORD,0,25,0,aucune,0,0,0.0023611786063398,0,12.628602704721668,0
2025-04-01,20:15,Emirates,CDG,SIN,0,1,0,aucune,0,0,0.0,0,10.038065239576975,0
2025-04-01,09:15,Emirates,FCO,AMS,0,5,0,aucune,0,0,0.0,0,9.611096648093636,0
2025-04-01,06:15,Swiss,FCO,CDG,0,16,0,aucune,0,0,0.0019954342058128,0,12.296085121503033,0
2025-04-01,14:00,Delta,IST,LHR,0,7,0,aucune,0,0,0.0010144927536231,0,10.513481502348492,0
2025-04-01,20:30,Turkish,IST,BCN,0,11,0,aucune,0,0,0.0005797101449275,0,10.53529299701541,0
2025-04-01,11:15,Turkish,DXB,CDG,0,12,0,aucune,0,0,0.0017160173160173,0,11.100106875627612,0
2025-04-01,13:00,Swiss,MAD,DXB,0,0,1,aucune,0,0,0.0005797101449275,1,11.151558333594062,1
2025-04-01,16:45,British,MAD,SIN,0,14,0,aucune,0,0,0.0004347826086956,0,10.42929982985032,0
2025-04-01,11:45,British,DXB,AMS,0,1,0,aucune,0,0,0.0005797101449275,0,9.894182744021428,0
2025-04-01,21:15,AirFrance,BRU,MUC,0,5,0,aucune,0,0,0.0010144927536231,0,10.92174144396662,0
2025-04-01,16:30,Swiss,CDG,LAX,0,0,0,aucune,0,0,0.0001212121212121,0,10.190502567246245,0
2025-04-01,20:45,AirFrance,FRA,LAX,0,15,0,aucune,0,0,0.0012290607942781,0,10.397983487000383,0
2025-04-02,05:45,Ryanair,FCO,GVA,0,0,0,aucune,0,0,0.0,0,9.345230622867675,0
2025-04-02,22:00,AirFrance,AMS,MAD,0,14,0,aucune,0,0,0.0,0,9.966070755329286,0
2025-04-02,09:15,Emirates,JFK,LHR,0,21,0,aucune,0,0,0.0010144927536231,0,11.930100407430091,0
2025-04-02,06:45,AirFrance,AMS,ZRH,0,22,0,aucune,0,0,0.006,0,12.107224255941357,0
2025-04-02,11:00,British,AMS,IST,0,23,0,aucune,0,0,0.0029408887512674,0,11.920989597163581,0
2025-04-02,16:00,KLM,MAD,FCO,0,0,0,aucune,0,0,0.0001212121212121,0,9.887574908908702,0
2025-04-02,21:15,Turkish,JFK,ATH,0,9,0,aucune,0,0,0.78,0,10.900495125349046,0
2025-04-02,11:45,Emirates,CDG,ORD,0,3,0,aucune,0,0,0.0023611786063398,0,10.126228128873025,0
2025-04-02,08:30,Iberia,BRU,FCO,0,13,0,aucune,0,0,0.0007009222661396,0,10.88080187426784,0
2025-04-02,07:00,Lufthansa,DXB,FCO,0,0,0,aucune,0,0,0.0027305100696405,0,8.445566656314506,0
2025-04-02,05:15,AirFrance,LHR,BCN,0,9,0,aucune,0,0,0.0005797101449275,0,9.71555467664408,0
2025-04-02,12:30,Delta,DXB,ORD,0,0,0,aucune,0,0,0.0029408887512674,0,10.454368560669023,0
2025-04-02,14:15,Turkish,DXB,LIS,0,5,0,aucune,0,0,0.0001212121212121,0,10.343531172770803,0
2025-04-02,11:30,Delta,DXB,ORD,0,3,0,aucune,0,0,0.0005797101449275,0,9.79526462288568,0
2025-04-02,13:00,Iberia,AMS,LIS,0,6,0,aucune,0,0,0.0,0,10.262992972229513,0
2025-04-02,21:45,Emirates,CDG,LIS,0,7,0,aucune,0,0,0.0,0,10.038065239576975,0
2025-04-02,11:45,British,FRA,IST,0,5,0,aucune,0,0,0.0005797101449275,0,9.580975984407354,0
2025-04-02,21:30,Lufthansa,IST,SIN,0,3,0,aucune,0,0,0.0,0,8.233227705456951,0
2025-04-02,13:00,Lufthansa,IST,ATH,0,10,0,aucune,0,0,0.0010144927536231,0,8.805395624831645,0
2025-04-02,15:30,Ryanair,MAD,LIS,0,23,0,aucune,0,0,0.0301212121212121,0,11.81249557196461,0
2025-04-02,08:30,AirFrance,DXB,CDG,0,10,0,aucune,0,0,0.0005797101449275,0,10.093420079789432,0
2025-04-02,08:15,British,FRA,ATH,0,9,0,aucune,0,0,0.0,0,8.596455056368194,0
2025-04-02,05:45,Ryanair,FCO,LIS,0,13,0,aucune,0,0,0.0027305100696405,0,11.710064379087378,0
2025-04-02,17:45,Delta,FRA,BCN,0,14,0,aucune,0,0,0.0004347826086956,0,10.211740719984382,0
2025-04-02,17:30,AirFrance,LHR,CPH,0,0,0,aucune,0,0,0.0001212121212121,0,9.983515111518052,0
2025-04-02,13:45,Ryanair,CDG,ATH,0,11,0,aucune,0,0,0.0,0,10.097268137972057,0
2025-04-02,14:15,Ryanair,DXB,ZRH,0,16,0,aucune,0,0,0.0,0,10.033665004591109,0
2025-04-02,06:00,Turkish,DXB,BCN,0,9,0,aucune,0,0,0.0005797101449275,0,10.257746339562704,0
2025-04-02,19:00,Emirates,LHR,ATH,0,4,0,aucune,0,0,0.0,0,9.599498035019858,0
2025-04-02,10:15,Delta,MAD,BRU,0,18,0,aucune,0,0,0.0001212121212121,0,11.433058902495745,0
2025-04-02,22:30,AirFrance,FCO,IST,0,6,0,aucune,0,0,0.0,0,9.5518924755175,0
2025-04-02,22:45,Delta,FCO,LHR,0,21,0,aucune,0,0,0.0,0,9.89506510295942,0
2025-04-03,12:00,KLM,DXB,MUC,0,19,0,aucune,0,0,0.0005797101449275,0,9.193827675531265,0
2025-04-03,17:30,Turkish,MAD,LHR,0,12,0,aucune,0,0,0.0005797101449275,0,10.907719714121715,0
2025-04-03,20:00,Delta,BRU,IST,0,19,0,aucune,0,0,0.0005797101449275,0,11.254117689574635,0
2025-04-03,16:30,Swiss,CDG,DXB,0,24,0,aucune,0,0,0.0,0,11.429995107023677,0
2025-04-03,12:15,Iberia,LHR,MAD,0,1,0,aucune,0,0,0.0,0,9.465441513399108,0
2025-04-03,07:30,KLM,DXB,CDG,0,0,0,aucune,0,0,0.0,0,8.427188632582686,0
2025-04-03,17:45,AirFrance,FRA,LHR,0,0,0,aucune,0,0,0.0005797101449275,0,9.855077480439103,0
2025-04-03,21:00,Iberia,JFK,BCN,0,16,0,aucune,0,0,0.0,0,10.560397423264398,0
2025-04-03,17:00,Emirates,AMS,ATH,0,13,0,aucune,0,0,0.0010144927536231,0,11.172292774140406,0
2025-04-03,19:00,Iberia,MAD,CDG,0,19,0,aucune,0,0,0.0,0,10.762238531971954,0
2025-04-03,18:30,Lufthansa,BRU,JFK,0,11,0,aucune,0,0,0.0029408887512674,0,9.032192983612743,0
2025-04-03,20:30,Swiss,AMS,ZRH,0,20,0,aucune,0,0,0.0022957274609448,0,11.759480798789914,0
2025-04-03,18:45,Lufthansa,DXB,AMS,0,5,0,aucune,0,0,0.0,0,8.210592632971931,0
2025-04-03,13:15,Swiss,BRU,JFK,0,8,0,aucune,0,0,0.0,0,11.198505133908174,0
2025-04-03,14:00,Lufthansa,FCO,JFK,0,6,0,aucune,0,0,0.0,0,9.566205192656495,0
2025-04-03,16:30,KLM,AMS,MUC,0,19,0,aucune,0,0,0.0,0,9.395223295395551,0
2025-04-03,22:30,Emirates,FRA,BCN,0,0,1,aucune,0,0,0.0023611786063398,1,10.945321387404503,1
2025-04-03,15:30,AirFrance,BRU,ZRH,0,6,0,aucune,0,0,0.0,0,10.164233580486586,0
2025-04-03,22:45,Delta,DXB,FCO,0,12,0,aucune,0,0,0.0,0,10.000951968880901,0
2025-04-03,09:45,KLM,FRA,BCN,0,9,0,aucune,0,0,0.0029408887512674,0,10.077421317661992,0
2025-04-03,12:45,AirFrance,JFK,MUC,0,6,0,aucune,0,0,0.0,0,10.115886541187033,0
2025-04-03,08:45,Swiss,JFK,MUC,0,24,0,aucune,0,0,0.0010144927536231,0,12.064876800238158,0
2025-04-03,14:45,KLM,CDG,ATH,0,25,0,aucune,0,0,0.0,0,10.231165754623571,0
2025-04-03,07:45,Lufthansa,LHR,LIS,0,3,0,aucune,0,0,0.0,0,8.49013889271997,0
2025-04-03,21:15,AirFrance,AMS,LIS,0,10,0,aucune,0,0,0.0,0,9.966070755329286,0
2025-04-03,18:30,Emirates,FRA,GVA,0,16,0,aucune,0,0,0.0005797101449275,0,9.917232365766091,0
2025-04-03,17:15,Turkish,FRA,AMS,0,8,0,aucune,0,0,0.0005797101449275,0,10.480766075931562,0
2025-04-03,18:15,Turkish,FRA,CDG,0,14,0,aucune,0,0,0.0007705627705627,0,10.592972576131523,0
2025-04-03,15:00,Delta,LHR,AMS,0,17,0,aucune,0,0,0.0,0,10.307708320757492,0
2025-04-03,07:30,Ryanair,FCO,LIS,0,8,0,aucune,0,0,0.0022957274609448,0,11.52527104422884,0
2025-04-03,15:45,Iberia,IST,AMS,0,5,0,aucune,0,0,0.0010144927536231,0,10.692427153707401,0
2025-04-03,16:45,Emirates,FCO,GVA,0,1,0,aucune,0,0,0.0001212121212121,0,10.614112721351756,0
2025-04-04,10:45,Turkish,MAD,FCO,0,16,0,aucune,0,0,0.0,0,10.430309313158213,0
2025-04-04,07:45,Swiss,AMS,BRU,0,1,0,aucune,0,0,0.0022957274609448,0,11.759480798789914,0
2025-04-04,21:30,Turkish,FRA,MUC,0,9,0,aucune,0,0,0.0007705627705627,0,10.592972576131523,0
2025-04-04,05:15,Ryanair,BRU,IST,0,14,0,aucune,0,0,0.0,0,10.90651881503372,0
2025-04-04,18:45,AirFrance,FRA,CPH,0,18,0,aucune,0,0,0.0005797101449275,0,9.855077480439103,0
2025-04-04,12:45,Swiss,DXB,LHR,0,14,0,aucune,0,0,0.0,0,10.30253810133123,0
2025-04-04,08:00,KLM,LHR,IST,0,0,0,aucune,0,0,0.0005797101449275,0,9.134715173651903,0
2025-04-04,10:15,KLM,IST,CDG,0,6,0,aucune,0,0,0.0022957274609448,0,10.23603011006321,0
2025-04-04,18:30,British,AMS,ZRH,0,16,0,aucune,0,0,0.7801212121212121,0,11.088491897887977,0
2025-04-04,15:45,Delta,MAD,GVA,0,19,0,aucune,0,0,0.0005559947299077,0,11.65629319533396,0
2025-04-04,19:15,Emirates,MAD,MUC,0,0,0,aucune,0,0,0.0007705627705627,0,10.615604324279197,0
2025-04-04,15:45,Emirates,JFK,DXB,0,13,0,aucune,0,0,0.0,0,10.362906274234302,0
2025-04-04,18:45,Delta,CDG,SIN,0,0,0,aucune,0,0,0.0007705627705627,0,9.944051565119782,0
2025-04-04,21:00,Ryanair,BRU,CDG,0,0,1,aucune,0,0,0.0101212121212121,0,12.724144765180128,0
2025-04-04,12:15,Ryanair,FCO,BRU,0,25,0,aucune,0,0,0.0017160173160173,0,11.881306585121035,0
2025-04-04,17:15,Emirates,FCO,DXB,0,18,0,aucune,0,0,0.0001212121212121,0,10.614112721351756,0
2025-04-04,10:45,Delta,AMS,ATH,0,4,0,aucune,0,0,0.0004347826086956,0,10.74479228419793,0
2025-04-04,05:15,Ryanair,FCO,JFK,0,2,0,aucune,0,0,0.02,0,11.650908345627467,0
2025-04-04,19:15,Emirates,FCO,CPH,0,15,0,aucune,0,0,0.0001212121212121,0,10.614112721351756,0
2025-04-04,15:15,Delta,FCO,BRU,0,0,0,aucune,0,0,0.0,0,9.89506510295942,0
2025-04-04,18:45,KLM,JFK,LHR,0,25,0,aucune,0,0,0.0001212121212121,0,10.693279289768514,0
2025-04-04,22:00,Ryanair,IST,AMS,0,9,0,aucune,0,0,0.0010144927536231,0,10.89824801185988,0
2025-04-04,06:30,KLM,CDG,BCN,0,7,0,aucune,0,0,0.0,0,10.231165754623571,0
2025-04-04,21:45,KLM,JFK,BRU,0,0,0,aucune,0,0,0.0,0,8.861084678056228,0
2025-04-04,08:15,British,MAD,BCN,0,0,0,aucune,0,0,0.0,0,9.479084108687337,0
2025-04-04,20:15,Turkish,JFK,MUC,0,15,0,aucune,0,0,0.0001212121212121,0,11.474785835423557,0
2025-04-04,19:45,Delta,FRA,MUC,0,4,0,aucune,0,0,0.0005797101449275,0,9.525055108089235,0
2025-04-04,15:45,Turkish,BRU,ORD,0,14,0,aucune,0,0,0.0,0,10.217255525569627,0
2025-04-04,09:15,Swiss,FRA,AMS,0,2,0,aucune,0,0,0.0005797101449275,0,9.491380125322092,0
2025-04-04,16:30,Turkish,DXB,LIS,0,15,0,aucune,0,0,0.0005797101449275,0,10.257746339562704,0
2025-04-04,19:30,Emirates,DXB,ZRH,0,14,0,aucune,0,0,0.0021507999247129,0,11.2071781057592,0
2025-04-04,17:30,Delta,CDG,IST,0,13,0,aucune,0,0,0.0005797101449275,0,9.898231131683248,0
2025-04-05,05:30,British,IST,CPH,0,7,0,aucune,0,0,0.0,0,9.725828159951968,0
2025-04-05,10:30,Emirates,BRU,CPH,0,5,0,aucune,0,0,1.0,0,10.233201155298815,0
2025-04-05,17:45,Emirates,IST,GVA,0,0,0,aucune,0,0,1.0,0,10.440369730910577,0
2025-04-05,17:00,Lufthansa,AMS,LAX,0,4,0,aucune,0,0,0.8004347826086956,0,8.65046729796714,0
2025-04-05,09:30,Ryanair,JFK,IST,0,6,0,aucune,0,0,1.0,0,10.69135304054744,0
2025-04-05,05:15,Delta,AMS,FCO,0,7,0,aucune,0,0,1.0,0,10.413669353571299,0
2025-04-05,15:00,Turkish,IST,VIE,0,22,0,aucune,0,0,1.0,0,9.84623998180107,0
2025-04-05,07:00,Iberia,BRU,CPH,0,2,0,aucune,0,0,1.0,0,9.827059282791463,0
2025-04-05,10:15,Delta,FCO,IST,0,0,0,aucune,0,0,1.0,0,10.441541091993988,0
2025-04-05,13:30,Lufthansa,LHR,FCO,0,23,0,aucune,0,0,0.0002409638554216,0,10.419695530865745,0
2025-04-05,21:30,AirFrance,LHR,SIN,0,2,0,aucune,0,0,0.0012554566090448,0,10.1801330959741,0
2025-04-05,20:45,Lufthansa,IST,MAD,0,5,0,aucune,0,0,1.0,0,7.971341707890145,0
2025-04-05,07:15,Iberia,JFK,CDG,0,0,0,aucune,0,0,1.0,0,10.275488197623602,0
2025-04-05,08:15,Ryanair,FCO,MUC,0,0,1,aucune,0,0,0.001742413130784,1,11.881306585121035,1
2025-04-05,18:00,Iberia,LHR,LIS,0,20,0,aucune,0,0,0.0003621759766338,0,10.751722590140568,0
2025-04-05,19:00,Turkish,MAD,ORD,0,10,0,aucune,0,0,1.0,0,10.211999475958125,0
2025-04-05,15:45,Swiss,FRA,ORD,0,3,0,aucune,0,0,1.0,0,9.720191797669496,0
2025-04-05,12:30,Turkish,IST,CPH,0,4,0,aucune,0,0,1.0,0,9.84623998180107,0
2025-04-05,08:15,Iberia,CDG,MUC,0,23,0,aucune,0,0,1.0,0,11.25038464356729,0
2025-04-05,20:45,Emirates,DXB,FCO,0,19,0,aucune,0,0,1.0,0,10.153419728113029,0
2025-04-05,14:00,Iberia,AMS,VIE,0,21,0,aucune,0,0,1.0,0,10.292138576356091,0
2025-04-05,08:15,Delta,FRA,GVA,0,4,0,aucune,0,0,0.0002409638554216,0,10.026384798024687,0
2025-04-05,21:45,Lufthansa,FRA,LIS,0,1,0,aucune,0,0,1.0,0,8.524670129244038,0
2025-04-05,09:30,Emirates,LHR,DXB,0,20,0,aucune,0,0,0.0002409638554216,0,11.468746859792322,0
2025-04-05,10:15,British,IST,GVA,0,15,0,aucune,0,0,1.0,0,10.270142435001183,0
2025-04-05,18:30,Delta,FRA,JFK,0,24,0,aucune,0,0,1.0,0,9.907499779662231,0
2025-04-05,14:30,Emirates,FRA,MUC,0,18,0,aucune,0,0,0.0017118279569892,0,11.05896856407962,0
2025-04-05,15:45,Turkish,MAD,LIS,0,7,0,aucune,0,0,1.0,0,10.211999475958125,0
2025-04-05,05:45,AirFrance,MAD,DXB,0,15,0,aucune,0,0,0.0002409638554216,0,11.670020663985714,0
2025-04-05,19:30,AirFrance,LHR,IST,0,16,0,aucune,0,0,0.0202409638554216,0,10.894144708104454,0
2025-04-05,14:30,AirFrance,AMS,CDG,0,20,0,aucune,0,0,0.0002409638554216,0,11.363537867006038,0
2025-04-05,22:15,Delta,BRU,CPH,0,9,0,aucune,0,0,1.0,0,10.790115767040762,0
2025-04-06,08:00,Delta,DXB,MUC,0,18,0,aucune,0,0,1.0,0,9.958487795299279,0
2025-04-06,20:00,KLM,FCO,LAX,0,3,0,aucune,0,0,1.0,0,10.562601361918917,0
2025-04-06,17:00,Lufthansa,CDG,MUC,0,3,0,aucune,0,0,1.0,0,10.345662771165589,0
2025-04-06,19:30,Lufthansa,FCO,ATH,0,23,0,aucune,0,0,1.0,0,11.542075502892594,0
2025-04-06,15:45,Emirates,DXB,LIS,0,4,0,aucune,0,0,1.0,0,10.153419728113029,0
2025-04-06,22:00,Iberia,LHR,MUC,0,13,0,aucune,0,0,1.0,0,9.559299988415878,0
2025-04-06,13:30,AirFrance,DXB,FCO,0,22,0,aucune,0,0,1.0,0,9.880257368549668,0
2025-04-06,15:30,Iberia,LHR,ATH,0,5,0,aucune,0,0,0.0007663734115347,0,9.683916573286556,0
2025-04-06,19:30,British,LHR,LAX,0,3,0,aucune,0,0,0.0001212121212121,0,9.485642071632256,0
2025-04-06,05:15,Lufthansa,MAD,CDG,0,7,0,aucune,0,0,1.0,0,9.058649286265274,0
2025-04-06,06:00,Swiss,AMS,MAD,0,13,0,aucune,0,0,0.0001212121212121,0,11.177291629176832,0
2025-04-06,06:30,Swiss,FCO,MUC,0,13,0,aucune,0,0,1.0,0,11.424537532324042,0
2025-04-06,07:00,Ryanair,JFK,VIE,0,19,0,aucune,0,0,1.0,0,10.69135304054744,0
2025-04-06,10:00,Ryanair,FCO,SIN,0,19,0,aucune,0,0,1.0,0,11.1314027474426,0
2025-04-06,18:30,Iberia,FCO,ATH,0,15,0,aucune,0,0,0.0208206740003492,0,11.889685397361577,0
2025-04-06,10:30,Iberia,IST,CDG,0,0,1,aucune,0,0,0.0017118279569892,1,11.266523041852713,1
2025-04-06,14:00,Ryanair,MAD,AMS,0,0,0,aucune,0,0,1.0,0,11.238655816124533,0
2025-04-06,18:15,Turkish,LHR,LIS,0,16,0,aucune,0,0,0.0002409638554216,0,11.094601300317963,0
2025-04-06,22:45,Delta,BRU,DXB,0,23,0,aucune,0,0,0.0017118279569892,0,12.208241126791894,0
2025-04-06,09:15,Emirates,LHR,ORD,0,0,0,aucune,0,0,1.0,0,9.98055491939496,0
2025-04-06,22:00,Emirates,IST,DXB,0,25,0,aucune,0,0,1.0,0,10.440369730910577,0
2025-04-06,15:15,Delta,LHR,ORD,0,0,0,aucune,0,0,0.0002409638554216,0,10.528871063550419,0
2025-04-06,13:15,Delta,AMS,MAD,0,0,0,aucune,0,0,0.0213460835564622,0,10.50791307044219,0
2025-04-06,19:00,KLM,CDG,JFK,0,22,0,aucune,0,0,0.0007969585853294,0,9.776583510326834,0
2025-04-06,11:45,AirFrance,FCO,JFK,0,7,0,aucune,0,0,0.0003621759766338,0,10.946134132629595,0
2025-04-06,17:00,Lufthansa,DXB,CPH,0,24,0,aucune,0,0,0.0002409638554216,0,9.955786221077245,0
2025-04-06,21:00,Emirates,LHR,BRU,0,25,0,aucune,0,0,0.0035328893212601,0,12.002953124190503,0
2025-04-06,16:30,KLM,LHR,IST,0,0,0,aucune,0,0,0.0008206740003492,0,8.715138495331152,0
2025-04-06,16:45,Turkish,IST,BRU,0,25,0,aucune,0,0,0.0010115266259844,0,11.402199841275529,0
2025-04-06,05:45,KLM,MAD,ZRH,0,6,0,aucune,0,0,0.0241125994661877,0,9.68003658861325,0
2025-04-06,14:00,KLM,FRA,SIN,0,17,0,aucune,0,0,0.0005559947299077,0,10.236373510326002,0
2025-04-06,17:45,AirFrance,FRA,MUC,0,0,0,aucune,0,0,0.0,0,8.820525783376475,0
2025-04-07,12:15,Ryanair,CDG,ZRH,0,11,0,aucune,0,0,0.0005797101449275,0,9.955272179662694,0
2025-04-07,20:00,AirFrance,BRU,SIN,0,22,0,aucune,0,0,0.0019954342058128,0,11.822791035815634,0
2025-04-07,14:30,Ryanair,MAD,IST,0,8,0,aucune,0,0,0.0005797101449275,0,11.518777525789762,0
2025-04-07,21:15,Emirates,AMS,ZRH,0,20,0,aucune,0,0,0.0001212121212121,0,10.809503833586932,0
2025-04-07,20:15,Turkish,MAD,DXB,0,24,0,aucune,0,0,0.0005559947299077,0,11.649806599995056,0
2025-04-07,15:00,AirFrance,AMS,MAD,0,23,0,aucune,0,0,0.0065797101449275,0,11.95032549178037,0
2025-04-07,09:45,AirFrance,IST,LHR,0,19,0,aucune,0,0,0.0004347826086956,0,11.021231558478984,0
2025-04-07,21:15,Emirates,JFK,AMS,0,6,0,aucune,0,0,0.0,0,10.362906274234302,0
2025-04-07,07:45,Lufthansa,JFK,GVA,0,9,0,aucune,0,0,1.0,0,8.406246904805842,0
2025-04-07,22:45,Emirates,BRU,AMS,0,4,0,aucune,0,0,1.0,0,10.233201155298815,0
2025-04-07,13:15,British,IST,DXB,0,25,0,aucune,0,0,1.0,0,10.270142435001183,0
2025-04-07,08:45,Iberia,BRU,SIN,0,0,0,aucune,0,0,1.0,0,9.827059282791463,0
2025-04-07,09:15,Delta,JFK,BRU,0,17,0,aucune,0,0,1.0,0,10.72129712682476,0
2025-04-07,08:15,Delta,FRA,ATH,0,18,0,aucune,0,0,1.0,0,9.907499779662231,0
2025-04-07,15:45,Ryanair,IST,CPH,0,13,0,aucune,0,0,1.0,0,10.338638728039971,0
2025-04-07,13:15,British,MAD,DXB,0,16,0,aucune,0,0,1.0,0,10.315804858594936,0
2025-04-07,06:45,AirFrance,LHR,ATH,0,0,0,aucune,0,0,1.0,0,9.801445452633711,0
2025-04-07,06:15,Emirates,MAD,BCN,0,0,0,aucune,0,0,1.0,0,10.18005660264879,0
2025-04-07,20:30,Delta,BRU,LHR,0,9,0,aucune,0,0,1.0,0,10.790115767040762,0
2025-04-07,19:30,Swiss,FCO,ZRH,0,18,0,aucune,0,0,1.0,0,11.424537532324042,0
2025-04-07,21:30,British,DXB,LAX,0,5,0,aucune,0,0,1.0,0,10.435826820311906,0
2025-04-07,20:45,Lufthansa,AMS,CPH,0,3,0,aucune,0,0,1.0,0,8.413814156388522,0
2025-04-07,16:45,AirFrance,IST,ZRH,0,0,0,aucune,0,0,1.0,0,10.0730056308749,0
2025-04-07,19:00,Lufthansa,IST,MUC,0,0,0,aucune,0,0,1.0,0,7.971341707890145,0
2025-04-07,14:45,KLM,IST,FCO,0,25,0,aucune,0,0,1.0,0,9.525403166489575,0
2025-04-07,21:15,KLM,IST,SIN,0,0,0,aucune,0,0,1.0,0,9.525403166489575,0
2025-04-07,12:00,Delta,AMS,CPH,0,14,0,aucune,0,0,1.0,0,10.413669353571299,0
2025-04-07,21:00,Swiss,AMS,VIE,0,2,0,aucune,0,0,1.0,0,10.80827794709312,0
2025-04-07,21:15,British,DXB,BRU,0,16,0,aucune,0,0,1.0,0,10.435826820311906,0
2025-04-07,12:15,Swiss,BRU,CDG,0,22,0,aucune,0,0,1.0,0,11.12030767731776,0
2025-04-07,06:45,Turkish,MAD,CPH,0,8,0,aucune,0,0,1.0,0,10.211999475958125,0
2025-04-07,19:30,Emirates,FRA,AMS,0,0,0,aucune,0,0,1.0,0,9.17474178633152,0
2025-04-08,22:30,Delta,BRU,FCO,0,0,0,aucune,0,0,1.0,0,10.790115767040762,0
2025-04-08,09:15,Iberia,DXB,SIN,0,7,0,aucune,0,0,1.0,0,9.995614850758104,0
2025-04-08,18:45,Ryanair,LHR,SIN,0,21,0,aucune,0,0,1.0,0,10.323800222610176,0
2025-04-08,12:30,Emirates,MAD,ZRH,0,18,0,aucune,0,0,1.0,0,10.18005660264879,0
2025-04-08,09:15,Iberia,DXB,LAX,0,19,0,aucune,0,0,1.0,0,9.995614850758104,0
2025-04-08,08:30,Swiss,JFK,GVA,0,2,0,aucune,0,0,1.0,0,10.930086241248716,0
2025-04-08,14:00,Swiss,BRU,JFK,0,0,0,aucune,0,0,1.0,0,11.12030767731776,0
2025-04-08,15:30,AirFrance,MAD,ORD,0,0,0,aucune,0,0,1.0,0,10.255582227543732,0
2025-04-08,18:15,Iberia,FRA,SIN,0,11,0,aucune,0,0,1.0,0,9.98883789082956,0
2025-04-08,16:15,Iberia,MAD,CDG,0,0,0,aucune,0,0,1.0,0,10.362233317950029,0
2025-04-08,13:30,Turkish,IST,BCN,0,8,0,aucune,0,0,1.0,0,9.84623998180107,0
2025-04-08,13:30,Lufthansa,CDG,BRU,0,17,0,aucune,0,0,1.0,0,10.345662771165589,0
2025-04-08,12:45,Delta,BRU,CDG,0,16,0,aucune,0,0,1.0,0,10.790115767040762,0
2025-04-08,20:45,Ryanair,IST,LHR,0,0,0,aucune,0,0,1.0,0,10.338638728039971,0
2025-04-08,08:00,Lufthansa,LHR,BCN,0,13,0,aucune,0,0,1.0,0,8.5590762338271,0
2025-04-08,18:45,AirFrance,AMS,JFK,0,22,0,aucune,0,0,1.0,0,10.208528026490336,0
2025-04-08,21:00,KLM,MAD,AMS,0,1,0,aucune,0,0,1.0,0,9.002898749714753,0
2025-04-08,05:30,Lufthansa,FRA,LHR,0,0,1,aucune,0,0,1.0,0,8.524670129244038,0
2025-04-08,19:30,British,AMS,DXB,0,25,0,aucune,0,0,1.0,0,10.555620061811744,0
2025-04-08,19:00,British,FCO,ORD,0,19,0,aucune,0,0,1.0,0,11.183068645403404,0
2025-04-08,11:30,KLM,AMS,IST,0,22,0,aucune,0,0,1.0,0,9.485257400367832,0
2025-04-08,07:30,British,BRU,VIE,0,18,0,aucune,0,0,1.0,0,10.57260081505964,0
2025-04-08,12:30,Turkish,JFK,FCO,0,15,0,aucune,0,0,1.0,0,10.330317537216917,0
2025-04-08,20:15,KLM,LHR,LAX,0,22,0,aucune,0,0,1.0,0,8.932565490920283,0
2025-04-08,16:30,Iberia,AMS,IST,0,25,0,aucune,0,0,1.0,0,10.292138576356091,0
2025-04-08,05:00,Delta,BRU,MUC,0,24,0,aucune,0,0,1.0,0,10.790115767040762,0
2025-04-08,22:30,Swiss,IST,ATH,0,7,0,aucune,0,0,1.0,0,10.584616016593964,0
2025-04-08,07:15,Lufthansa,JFK,DXB,0,22,0,aucune,0,0,1.0,0,8.406246904805842,0
2025-04-08,15:30,KLM,DXB,LHR,0,0,0,aucune,0,0,1.0,0,8.858267362713107,0
2025-04-08,14:00,British,LHR,JFK,0,21,0,aucune,0,0,1.0,0,10.239547271096226,0
2025-04-08,22:15,Turkish,CDG,GVA,0,2,0,aucune,0,0,1.0,0,9.214724580094824,0
2025-04-08,12:15,Delta,FCO,SIN,0,0,1,aucune,0,0,1.0,0,10.441541091993988,0
2025-04-09,12:00,Ryanair,FCO,JFK,0,8,0,aucune,0,0,1.0,0,11.1314027474426,0
2025-04-09,11:45,Emirates,IST,LIS,0,7,0,aucune,0,0,1.0,0,10.440369730910577,0
2025-04-09,17:30,British,FRA,LHR,0,6,0,aucune,0,0,1.0,0,9.812079655095328,0
2025-04-09,12:30,Swiss,AMS,BRU,0,25,0,aucune,0,0,1.0,0,10.80827794709312,0
2025-04-09,15:15,Swiss,BRU,ATH,0,0,0,aucune,0,0,1.0,0,11.12030767731776,0
2025-04-09,21:45,Swiss,AMS,ZRH,0,20,0,aucune,0,0,1.0,0,10.80827794709312,0
2025-04-09,12:30,Swiss,LHR,JFK,0,3,0,aucune,0,0,1.0,0,10.364547435412636,0
2025-04-09,06:45,Ryanair,FCO,GVA,0,13,0,aucune,0,0,1.0,0,11.1314027474426,0
2025-04-09,10:00,Swiss,FCO,VIE,0,15,0,aucune,0,0,1.0,0,11.424537532324042,0
2025-04-09,16:45,Emirates,JFK,BCN,0,0,0,aucune,0,0,1.0,0,10.58397683515233,0
2025-04-09,13:30,AirFrance,BRU,GVA,0,8,0,aucune,0,0,1.0,0,10.195831962302792,0
2025-04-09,09:45,Delta,FCO,MUC,0,12,0,aucune,0,0,1.0,0,10.441541091993988,0
2025-04-09,14:30,Delta,BRU,CPH,0,25,0,aucune,0,0,1.0,0,10.790115767040762,0
2025-04-09,22:30,AirFrance,BRU,MAD,0,17,0,aucune,0,0,1.0,0,10.195831962302792,0
2025-04-09,08:00,Ryanair,JFK,CPH,0,8,0,aucune,0,0,1.0,0,10.69135304054744,0
2025-04-09,11:15,Ryanair,DXB,ATH,0,0,0,aucune,0,0,1.0,0,10.047342011453388,0
2025-04-09,20:00,British,JFK,BRU,0,25,0,aucune,0,0,1.0,0,10.646691464213752,0
2025-04-09,17:45,KLM,FCO,ATH,0,22,0,aucune,0,0,1.0,0,10.562601361918917,0
2025-04-09,08:30,British,DXB,CDG,0,23,0,aucune,0,0,1.0,0,10.435826820311906,0
2025-04-09,07:15,Turkish,MAD,SIN,0,2,0,aucune,0,0,1.0,0,10.211999475958125,0
2025-04-09,07:30,Iberia,JFK,CPH,0,0,1,aucune,0,0,1.0,0,10.275488197623602,0
2025-04-09,06:00,British,JFK,ATH,0,0,0,aucune,0,0,1.0,0,10.646691464213752,0
2025-04-09,21:00,AirFrance,AMS,LHR,0,0,1,aucune,0,0,1.0,0,10.208528026490336,0
2025-04-09,16:00,Emirates,LHR,GVA,0,0,0,aucune,0,0,1.0,0,9.98055491939496,0
2025-04-09,16:00,Emirates,BRU,DXB,0,13,0,aucune,0,0,1.0,0,10.233201155298815,0
2025-04-09,19:15,Swiss,DXB,JFK,0,0,0,aucune,0,0,1.0,0,9.462786188778614,0
2025-04-09,22:00,Turkish,FRA,BRU,0,6,0,aucune,0,0,1.0,0,10.833908092071532,0
2025-04-09,21:15,Lufthansa,FCO,SIN,0,14,0,aucune,0,0,1.0,0,11.542075502892594,0
2025-04-09,15:45,Swiss,MAD,JFK,0,25,0,aucune,0,0,1.0,0,11.001853841268208,0
2025-04-09,22:00,British,LHR,BCN,0,0,0,aucune,0,0,1.0,0,10.239547271096226,0
2025-04-09,20:15,KLM,CDG,BCN,0,0,0,aucune,0,0,1.0,0,8.622385227489598,0
2025-04-09,20:00,Swiss,JFK,MUC,0,24,0,aucune,0,0,1.0,0,10.930086241248716,0
2025-04-10,22:45,Swiss,LHR,ORD,0,5,0,aucune,0,0,1.0,0,10.364547435412636,0
2025-04-10,11:30,KLM,MAD,CDG,0,7,0,aucune,0,0,1.0,0,9.002898749714753,0
2025-04-10,05:45,Lufthansa,AMS,VIE,0,10,0,aucune,0,0,1.0,0,8.413814156388522,0
2025-04-10,14:45,Turkish,CDG,CPH,0,21,0,aucune,0,0,1.0,0,9.214724580094824,0
2025-04-10,07:30,Ryanair,BRU,VIE,0,0,0,aucune,0,0,1.0,0,10.899034607119559,0
2025-04-10,06:00,AirFrance,FRA,DXB,0,1,0,aucune,0,0,1.0,0,9.596052935025407,0
2025-04-10,22:00,KLM,IST,CPH,0,22,0,aucune,0,0,1.0,0,9.525403166489575,0
2025-04-10,16:00,Delta,JFK,CDG,0,25,0,aucune,0,0,1.0,0,10.72129712682476,0
2025-04-10,12:30,Lufthansa,LHR,GVA,0,1,0,aucune,0,0,1.0,0,8.5590762338271,0
2025-04-10,05:00,KLM,LHR,BRU,0,24,0,aucune,0,0,1.0,0,8.932565490920283,0
2025-04-10,12:30,Emirates,MAD,LAX,0,6,0,aucune,0,0,1.0,0,10.18005660264879,0
2025-04-10,17:00,Emirates,DXB,SIN,0,14,0,aucune,0,0,1.0,0,10.153419728113029,0
2025-04-10,18:30,Delta,FRA,LHR,0,0,1,aucune,0,0,1.0,0,9.907499779662231,0
2025-04-10,18:45,Turkish,LHR,GVA,0,3,0,aucune,0,0,1.0,0,9.757862701048106,0
2025-04-10,17:00,Iberia,DXB,SIN,0,0,0,aucune,0,0,1.0,0,9.995614850758104,0
2025-04-10,08:15,Iberia,JFK,ATH,0,12,0,aucune,0,0,1.0,0,10.275488197623602,0
2025-04-10,13:45,Turkish,IST,MUC,0,4,0,aucune,0,0,1.0,0,9.84623998180107,0
2025-04-10,13:00,Lufthansa,MAD,SIN,0,25,0,aucune,0,0,1.0,0,9.058649286265274,0
2025-04-10,20:15,Emirates,IST,MAD,0,10,0,aucune,0,0,1.0,0,10.440369730910577,0
2025-04-10,08:15,AirFrance,MAD,IST,0,0,0,aucune,0,0,1.0,0,10.255582227543732,0
2025-04-10,07:15,KLM,BRU,DXB,0,9,0,aucune,0,0,1.0,0,10.602756079288612,0
2025-04-10,19:00,Swiss,LHR,IST,0,18,0,aucune,0,0,1.0,0,10.364547435412636,0
2025-04-10,05:15,British,FRA,ATH,0,6,0,aucune,0,0,1.0,0,9.812079655095328,0
2025-04-10,06:45,KLM,DXB,ORD,0,11,0,aucune,0,0,1.0,0,8.858267362713107,0
2025-04-10,10:15,British,FCO,AMS,0,22,0,aucune,0,0,1.0,0,11.183068645403404,0
2025-04-10,12:30,Swiss,DXB,ZRH,0,12,0,aucune,0,0,1.0,0,9.462786188778614,0
2025-04-10,06:00,Lufthansa,MAD,CPH,0,0,1,aucune,0,0,1.0,0,9.058649286265274,0
2025-04-10,10:30,British,CDG,ZRH,0,23,0,aucune,0,0,1.0,0,9.70383082858146,0
2025-04-10,12:00,KLM,CDG,LIS,0,0,0,aucune,0,0,1.0,0,8.622385227489598,0
2025-04-10,08:15,AirFrance,BRU,VIE,0,0,1,aucune,0,0,1.0,0,10.195831962302792,0
2025-04-10,20:45,Turkish,BRU,LHR,0,9,0,aucune,0,0,1.0,0,10.1272376171732,0
2025-04-10,12:45,Ryanair,FRA,BCN,0,15,0,aucune,0,0,1.0,0,9.779166845035297,0
2025-04-11,09:45,Swiss,AMS,LAX,0,0,0,aucune,0,0,1.0,0,10.80827794709312,0
2025-04-11,10:45,Turkish,DXB,BCN,0,0,1,aucune,0,0,1.0,0,9.841248939720556,0
2025-04-11,14:15,AirFrance,FCO,CDG,0,17,0,aucune,0,0,1.0,0,10.770294070399455,0
2025-04-11,12:45,Emirates,AMS,SIN,0,25,0,aucune,0,0,1.0,0,10.418118610388598,0
2025-04-11,18:45,Iberia,FCO,LHR,0,9,0,aucune,0,0,1.0,0,11.002067604597704,0
2025-04-11,15:45,Emirates,IST,SIN,0,2,0,aucune,0,0,1.0,0,10.440369730910577,0
2025-04-11,11:15,Ryanair,AMS,JFK,0,12,0,aucune,0,0,1.0,0,10.474161123655408,0
2025-04-11,18:30,Turkish,LHR,DXB,0,0,0,aucune,0,0,1.0,0,9.757862701048106,0
2025-04-11,22:45,Turkish,BRU,CDG,0,0,0,aucune,0,0,1.0,0,10.1272376171732,0
2025-04-11,15:15,KLM,IST,CDG,0,0,0,aucune,0,0,1.0,0,9.525403166489575,0
2025-04-11,05:15,KLM,BRU,IST,0,3,0,aucune,0,0,1.0,0,10.602756079288612,0
2025-04-11,09:45,Ryanair,LHR,ZRH,0,8,0,aucune,0,0,1.0,0,10.323800222610176,0
2025-04-11,12:15,Iberia,AMS,CPH,0,18,0,aucune,0,0,1.0,0,10.292138576356091,0
2025-04-11,06:00,Lufthansa,JFK,AMS,0,0,0,aucune,0,0,1.0,0,8.406246904805842,0
2025-04-11,06:30,Lufthansa,AMS,DXB,0,1,0,aucune,0,0,1.0,0,8.413814156388522,0
2025-04-11,11:30,Lufthansa,AMS,BCN,0,13,0,aucune,0,0,1.0,0,8.413814156388522,0
2025-04-11,19:45,British,DXB,ORD,0,4,0,aucune,0,0,1.0,0,10.435826820311906,0
2025-04-11,22:15,Emirates,DXB,CDG,0,0,0,aucune,0,0,1.0,0,10.153419728113029,0
2025-04-11,18:15,Swiss,IST,GVA,0,17,0,aucune,0,0,1.0,0,10.584616016593964,0
2025-04-11,12:00,Emirates,FCO,ZRH,0,19,0,aucune,0,0,1.0,0,10.889587005907577,0
2025-04-11,17:45,KLM,FCO,IST,0,0,1,aucune,0,0,1.0,0,10.562601361918917,0
2025-04-11,16:45,Ryanair,BRU,IST,0,9,0,aucune,0,0,1.0,0,10.899034607119559,0
2025-04-11,20:30,British,JFK,BCN,0,0,0,aucune,0,0,1.0,0,10.646691464213752,0
2025-04-11,14:45,Emirates,JFK,IST,0,25,0,aucune,0,0,1.0,0,10.58397683515233,0
2025-04-11,14:00,British,BRU,GVA,0,0,0,aucune,0,0,1.0,0,10.57260081505964,0
2025-04-11,18:15,British,FRA,IST,0,11,0,aucune,0,0,1.0,0,9.812079655095328,0
2025-04-11,21:00,Iberia,AMS,IST,0,0,0,aucune,0,0,1.0,0,10.292138576356091,0
2025-04-11,14:30,Iberia,MAD,BCN,0,0,0,aucune,0,0,1.0,0,10.362233317950029,0
2025-04-11,19:00,British,IST,MAD,0,0,0,aucune,0,0,1.0,0,10.270142435001183,0
2025-04-11,05:00,Turkish,MAD,SIN,0,23,0,aucune,0,0,1.0,0,10.211999475958125,0
2025-04-11,17:00,Turkish,MAD,BCN,0,6,0,aucune,0,0,1.0,0,10.211999475958125,0
2025-04-11,18:45,British,DXB,BCN,0,18,0,aucune,0,0,1.0,0,10.435826820311906,0
2025-04-12,11:45,Turkish,FRA,FCO,0,24,0,aucune,0,0,1.0,0,10.833908092071532,0
2025-04-12,07:30,Swiss,JFK,AMS,0,20,0,aucune,0,0,1.0,0,10.930086241248716,0
2025-04-12,08:15,Lufthansa,DXB,BCN,0,0,0,aucune,0,0,1.0,0,7.4770206669693655,0
2025-04-12,12:00,Lufthansa,CDG,AMS,0,18,0,aucune,0,0,1.0,0,10.345662771165589,0
2025-04-12,07:15,Ryanair,FCO,BCN,0,20,0,aucune,0,0,1.0,0,11.1314027474426,0
2025-04-12,08:00,Emirates,LHR,FCO,0,0,0,aucune,0,0,1.0,0,9.98055491939496,0
2025-04-12,07:00,KLM,LHR,IST,0,0,0,aucune,0,0,1.0,0,8.932565490920283,0
2025-04-12,17:30,Swiss,LHR,GVA,0,21,0,aucune,0,0,1.0,0,10.364547435412636,0
2025-04-12,20:15,Iberia,FRA,VIE,0,22,0,aucune,0,0,1.0,0,9.98883789082956,0
2025-04-12,19:15,Swiss,CDG,FCO,0,0,0,aucune,0,0,1.0,0,9.441253254301325,0
2025-04-12,13:15,Swiss,BRU,SIN,0,17,0,aucune,0,0,1.0,0,11.12030767731776,0
2025-04-12,07:15,Emirates,AMS,LAX,0,0,0,aucune,0,0,1.0,0,10.418118610388598,0
2025-04-12,14:45,Swiss,FRA,IST,0,8,0,aucune,0,0,1.0,0,9.720191797669496,0
2025-04-12,16:15,Swiss,CDG,LAX,0,4,0,aucune,0,0,1.0,0,9.441253254301325,0
2025-04-12,07:00,Lufthansa,FCO,DXB,0,23,0,aucune,0,0,1.0,0,11.542075502892594,0
2025-04-12,18:00,Iberia,CDG,FCO,0,5,0,aucune,0,0,1.0,0,11.25038464356729,0
2025-04-12,16:00,Ryanair,FRA,MUC,0,9,0,aucune,0,0,1.0,0,9.779166845035297,0
2025-04-12,20:30,Iberia,FRA,JFK,0,5,0,aucune,0,0,1.0,0,9.98883789082956,0
2025-04-12,11:15,Ryanair,DXB,MAD,0,17,0,aucune,0,0,1.0,0,10.047342011453388,0
2025-04-12,19:45,British,MAD,JFK,0,22,0,aucune,0,0,1.0,0,10.315804858594936,0
2025-04-12,19:15,Emirates,MAD,CDG,0,0,1,aucune,0,0,1.0,0,10.18005660264879,0
2025-04-12,09:30,KLM,DXB,LHR,0,0,1,aucune,0,0,1.0,0,8.858267362713107,0
2025-04-12,10:15,Ryanair,DXB,IST,0,0,1,aucune,0,0,1.0,0,10.047342011453388,0
2025-04-12,20:15,Turkish,AMS,SIN,0,0,0,aucune,0,0,1.0,0,10.164945274904731,0
2025-04-12,10:30,Swiss,FRA,SIN,0,1,0,aucune,0,0,1.0,0,9.720191797669496,0
2025-04-12,20:45,KLM,DXB,GVA,0,16,0,aucune,0,0,1.0,0,8.858267362713107,0
2025-04-12,08:00,British,FCO,MUC,0,0,0,aucune,0,0,1.0,0,11.183068645403404,0
2025-04-12,20:15,KLM,FCO,AMS,0,25,0,aucune,0,0,1.0,0,10.562601361918917,0
2025-04-12,10:30,Turkish,BRU,CDG,0,14,0,aucune,0,0,1.0,0,10.1272376171732,0
2025-04-12,09:30,British,AMS,ATH,0,6,0,aucune,0,0,1.0,0,10.555620061811744,0
2025-04-12,20:00,AirFrance,FCO,DXB,0,8,0,aucune,0,0,1.0,0,10.770294070399455,0
2025-04-12,15:15,British,FCO,ORD,0,12,0,aucune,0,0,1.0,0,11.183068645403404,0
2025-04-13,15:15,Emirates,AMS,LIS,0,24,0,aucune,0,0,1.0,0,10.418118610388598,0
2025-04-13,12:15,Iberia,BRU,GVA,0,0,1,aucune,0,0,1.0,0,9.827059282791463,0
2025-04-13,21:00,KLM,DXB,MUC,0,0,0,aucune,0,0,1.0,0,8.858267362713107,0
2025-04-13,19:30,Lufthansa,FCO,LHR,0,19,0,aucune,0,0,1.0,0,11.542075502892594,0
2025-04-13,13:15,British,CDG,GVA,0,2,0,aucune,0,0,1.0,0,9.70383082858146,0
2025-04-13,05:30,British,BRU,GVA,0,12,0,aucune,0,0,1.0,0,10.57260081505964,0
2025-04-13,13:30,Iberia,AMS,VIE,0,1,0,aucune,0,0,1.0,0,10.292138576356091,0
2025-04-13,11:00,Turkish,CDG,IST,0,11,0,aucune,0,0,1.0,0,9.214724580094824,0
2025-04-13,14:15,KLM,MAD,AMS,0,4,0,aucune,0,0,1.0,0,9.002898749714753,0
2025-04-13,09:30,AirFrance,CDG,LHR,0,0,0,aucune,0,0,1.0,0,9.290722488552985,0
2025-04-13,09:45,KLM,IST,ATH,0,14,0,aucune,0,0,1.0,0,9.525403166489575,0
2025-04-13,15:00,Turkish,FCO,ORD,0,1,0,aucune,0,0,1.0,0,10.16069291731689,0
2025-04-13,19:30,Emirates,BRU,ATH,0,5,0,aucune,0,0,1.0,0,10.233201155298815,0
2025-04-13,08:00,British,IST,GVA,0,6,0,aucune,0,0,1.0,0,10.270142435001183,0
2025-04-13,17:00,KLM,AMS,LHR,0,0,0,aucune,0,0,1.0,0,9.485257400367832,0
2025-04-13,06:30,British,BRU,LIS,0,0,0,aucune,0,0,1.0,0,10.57260081505964,0
2025-04-13,06:15,Iberia,JFK,FCO,0,0,0,aucune,0,0,1.0,0,10.275488197623602,0
2025-04-13,21:15,Delta,JFK,BCN,0,6,0,aucune,0,0,1.0,0,10.72129712682476,0
2025-04-13,18:30,Lufthansa,FCO,LHR,0,12,0,aucune,0,0,1.0,0,11.542075502892594,0
2025-04-13,18:45,Emirates,IST,FCO,0,21,0,aucune,0,0,1.0,0,10.440369730910577,0
2025-04-13,10:00,Turkish,LHR,SIN,0,0,0,aucune,0,0,1.0,0,9.757862701048106,0
2025-04-13,22:00,AirFrance,LHR,GVA,0,0,0,aucune,0,0,1.0,0,9.801445452633711,0
2025-04-13,12:15,Emirates,IST,BCN,0,5,0,aucune,0,0,1.0,0,10.440369730910577,0
2025-04-13,17:00,Swiss,FRA,JFK,0,0,0,aucune,0,0,1.0,0,9.720191797669496,0
2025-04-13,18:00,AirFrance,LHR,LIS,0,0,0,aucune,0,0,1.0,0,9.801445452633711,0
2025-04-13,20:00,British,JFK,LIS,0,23,0,aucune,0,0,1.0,0,10.646691464213752,0
2025-04-13,10:45,Delta,DXB,VIE,0,0,0,aucune,0,0,1.0,0,9.958487795299279,0
2025-04-13,14:30,Swiss,AMS,CPH,0,7,0,aucune,0,0,1.0,0,10.80827794709312,0
2025-04-13,11:30,British,LHR,MUC,0,23,0,aucune,0,0,1.0,0,10.239547271096226,0
2025-04-13,08:30,Iberia,CDG,JFK,0,14,0,aucune,0,0,1.0,0,11.25038464356729,0
2025-04-13,21:45,Delta,DXB,BRU,0,0,0,aucune,0,0,1.0,0,9.958487795299279,0
2025-04-13,08:15,Delta,BRU,MUC,0,21,0,aucune,0,0,1.0,0,10.790115767040762,0
2025-04-14,11:30,British,FCO,MAD,0,15,0,aucune,0,0,1.0,0,11.183068645403404,0
2025-04-14,13:15,Swiss,CDG,ORD,0,0,0,aucune,0,0,1.0,0,9.441253254301325,0
2025-04-14,10:30,Delta,FCO,LHR,0,18,0,aucune,0,0,1.0,0,10.441541091993988,0
2025-04-14,17:15,Iberia,FCO,VIE,0,14,0,aucune,0,0,1.0,0,11.002067604597704,0
2025-04-14,12:00,Ryanair,JFK,AMS,0,22,0,aucune,0,0,1.0,0,10.69135304054744,0
2025-04-14,06:00,Turkish,CDG,ORD,0,9,0,aucune,0,0,1.0,0,9.214724580094824,0
2025-04-14,10:00,AirFrance,AMS,SIN,0,15,0,aucune,0,0,1.0,0,10.208528026490336,0
2025-04-14,18:30,Lufthansa,FRA,LHR,0,0,1,aucune,0,0,1.0,0,8.524670129244038,0
2025-04-14,06:00,Turkish,DXB,LAX,0,9,0,aucune,0,0,1.0,0,9.841248939720556,0
2025-04-14,11:00,AirFrance,FCO,IST,0,0,0,aucune,0,0,1.0,0,10.770294070399455,0
2025-04-14,12:45,Ryanair,IST,ORD,0,0,1,aucune,0,0,1.0,0,10.338638728039971,0
2025-04-14,20:00,Emirates,LHR,FCO,0,7,0,aucune,0,0,1.0,0,9.98055491939496,0
2025-04-14,05:00,Iberia,MAD,JFK,0,8,0,aucune,0,0,1.0,0,10.362233317950029,0
2025-04-14,05:00,Lufthansa,FRA,ORD,0,18,0,aucune,0,0,1.0,0,8.524670129244038,0
2025-04-14,13:00,Turkish,LHR,SIN,0,17,0,aucune,0,0,1.0,0,9.757862701048106,0
2025-04-14,05:00,Ryanair,MAD,VIE,0,25,0,aucune,0,0,1.0,0,11.238655816124533,0
2025-04-14,12:00,Turkish,AMS,BRU,0,14,0,aucune,0,0,1.0,0,10.164945274904731,0
2025-04-14,20:15,British,AMS,VIE,0,12,0,aucune,0,0,1.0,0,10.555620061811744,0
2025-04-14,16:45,Emirates,BRU,LHR,0,6,0,aucune,0,0,1.0,0,10.233201155298815,0
2025-04-14,16:30,Emirates,FCO,VIE,0,8,0,aucune,0,0,1.0,0,10.889587005907577,0
2025-04-14,18:00,Ryanair,FRA,ZRH,0,5,0,aucune,0,0,1.0,0,9.779166845035297,0
2025-04-14,19:45,Swiss,DXB,MAD,0,5,0,aucune,0,0,1.0,0,9.462786188778614,0
2025-04-14,09:30,Swiss,DXB,LIS,0,0,0,aucune,0,0,1.0,0,9.462786188778614,0
2025-04-14,11:45,Lufthansa,MAD,ZRH,0,11,0,aucune,0,0,1.0,0,9.058649286265274,0
2025-04-14,21:00,Ryanair,CDG,LAX,0,24,0,aucune,0,0,1.0,0,9.713397790841837,0
2025-04-14,10:15,British,FCO,ZRH,0,5,0,aucune,0,0,1.0,0,11.183068645403404,0
2025-04-14,16:45,Swiss,MAD,LAX,0,13,0,aucune,0,0,1.0,0,11.001853841268208,0
2025-04-14,18:00,Delta,FCO,ATH,0,21,0,aucune,0,0,1.0,0,10.441541091993988,0
2025-04-14,11:00,Swiss,JFK,GVA,0,0,0,aucune,0,0,1.0,0,10.930086241248716,0
2025-04-14,14:15,KLM,FRA,IST,0,12,0,aucune,0,0,1.0,0,8.958060846069941,0
2025-04-14,11:00,AirFrance,CDG,ORD,0,0,0,aucune,0,0,1.0,0,9.290722488552985,0
2025-04-14,07:00,Turkish,FCO,ZRH,0,8,0,aucune,0,0,1.0,0,10.16069291731689,0
2025-04-15,17:00,Ryanair,FRA,MUC,0,7,0,aucune,0,0,1.0,0,9.779166845035297,0
2025-04-15,14:45,Ryanair,BRU,GVA,0,15,0,aucune,0,0,1.0,0,10.899034607119559,0
2025-04-15,06:45,AirFrance,FCO,BCN,0,6,0,aucune,0,0,1.0,0,10.770294070399455,0
2025-04-15,20:45,Swiss,JFK,LHR,0,17,0,aucune,0,0,1.0,0,10.930086241248716,0
2025-04-15,16:45,AirFrance,MAD,FCO,0,25,0,aucune,0,0,1.0,0,10.255582227543732,0
2025-04-15,07:45,Turkish,IST,FCO,0,0,0,aucune,0,0,1.0,0,9.84623998180107,0
2025-04-15,08:45,KLM,AMS,LAX,0,14,0,aucune,0,0,1.0,0,9.485257400367832,0
2025-04-15,06:30,Turkish,IST,JFK,0,1,0,aucune,0,0,1.0,0,9.84623998180107,0
2025-04-15,08:00,Emirates,BRU,AMS,0,24,0,aucune,0,0,1.0,0,10.233201155298815,0
2025-04-15,07:15,Iberia,FRA,VIE,0,7,0,aucune,0,0,1.0,0,9.98883789082956,0
2025-04-15,22:00,Turkish,BRU,ZRH,0,17,0,aucune,0,0,1.0,0,10.1272376171732,0
2025-04-15,10:45,Turkish,DXB,MAD,0,4,0,aucune,0,0,1.0,0,9.841248939720556,0
2025-04-15,18:00,Emirates,JFK,IST,0,10,0,aucune,0,0,1.0,0,10.58397683515233,0
2025-04-15,05:45,Emirates,MAD,FCO,0,4,0,aucune,0,0,1.0,0,10.18005660264879,0
2025-04-15,15:45,Delta,FCO,ZRH,0,0,0,aucune,0,0,1.0,0,10.441541091993988,0
2025-04-15,09:00,Iberia,FCO,DXB,0,20,0,aucune,0,0,1.0,0,11.002067604597704,0
2025-04-15,05:30,Swiss,JFK,LHR,0,10,0,aucune,0,0,1.0,0,10.930086241248716,0
2025-04-15,18:45,Lufthansa,JFK,FCO,0,3,0,aucune,0,0,1.0,0,8.406246904805842,0
2025-04-15,16:45,KLM,IST,LAX,0,24,0,aucune,0,0,1.0,0,9.525403166489575,0
2025-04-15,09:00,AirFrance,DXB,FCO,0,13,0,aucune,0,0,1.0,0,9.880257368549668,0
2025-04-15,11:45,Swiss,AMS,VIE,0,3,0,aucune,0,0,1.0,0,10.80827794709312,0
2025-04-15,10:45,Lufthansa,IST,MAD,0,2,0,aucune,0,0,1.0,0,7.971341707890145,0
2025-04-15,14:15,KLM,CDG,BCN,0,0,0,aucune,0,0,1.0,0,8.622385227489598,0
2025-04-15,05:00,Swiss,FRA,VIE,0,0,1,aucune,0,0,1.0,0,9.720191797669496,0
2025-04-15,09:30,Delta,FCO,SIN,0,1,0,aucune,0,0,1.0,0,10.441541091993988,0
2025-04-15,20:45,Delta,JFK,ATH,0,7,0,aucune,0,0,1.0,0,10.72129712682476,0
2025-04-15,22:00,Emirates,DXB,CPH,0,0,0,aucune,0,0,1.0,0,10.153419728113029,0
2025-04-15,07:45,Swiss,JFK,LIS,0,0,0,aucune,0,0,1.0,0,10.930086241248716,0
2025-04-15,18:30,Delta,FRA,LHR,0,0,0,aucune,0,0,1.0,0,9.907499779662231,0
2025-04-15,06:30,KLM,CDG,IST,0,16,0,aucune,0,0,1.0,0,8.622385227489598,0
2025-04-15,16:45,Iberia,BRU,LAX,0,18,0,aucune,0,0,1.0,0,9.827059282791463,0
2025-04-15,20:45,Emirates,LHR,CPH,0,4,0,aucune,0,0,1.0,0,9.98055491939496,0
2025-04-16,07:45,Ryanair,CDG,LHR,0,0,0,aucune,0,0,1.0,0,9.713397790841837,0
2025-04-16,09:00,British,FRA,DXB,0,3,0,aucune,0,0,1.0,0,9.812079655095328,0
2025-04-16,15:30,Swiss,BRU,BCN,0,24,0,aucune,0,0,1.0,0,11.12030767731776,0
2025-04-16,20:45,KLM,BRU,VIE,0,24,0,aucune,0,0,1.0,0,10.602756079288612,0
2025-04-16,09:45,British,JFK,GVA,0,5,0,aucune,0,0,1.0,0,10.646691464213752,0
2025-04-16,07:30,Turkish,FRA,ORD,0,14,0,aucune,0,0,1.0,0,10.833908092071532,0
2025-04-16,15:30,Delta,BRU,SIN,0,6,0,aucune,0,0,1.0,0,10.790115767040762,0
2025-04-16,11:30,Swiss,MAD,ORD,0,3,0,aucune,0,0,1.0,0,11.001853841268208,0
2025-04-16,11:15,Turkish,LHR,BCN,0,17,0,aucune,0,0,1.0,0,9.757862701048106,0
2025-04-16,15:15,Iberia,BRU,CPH,0,0,0,aucune,0,0,1.0,0,9.827059282791463,0
2025-04-16,14:15,Delta,BRU,BCN,0,0,0,aucune,0,0,1.0,0,10.790115767040762,0
2025-04-16,20:30,Delta,MAD,GVA,0,17,0,aucune,0,0,1.0,0,10.341297856885014,0
2025-04-16,19:30,Emirates,FRA,LIS,0,0,0,aucune,0,0,1.0,0,9.17474178633152,0
2025-04-16,17:45,AirFrance,JFK,IST,0,20,0,aucune,0,0,1.0,0,10.374386251254064,0
2025-04-16,20:45,Swiss,BRU,ORD,0,11,0,aucune,0,0,1.0,0,11.12030767731776,0
2025-04-16,11:30,AirFrance,MAD,GVA,0,14,0,aucune,0,0,1.0,0,10.255582227543732,0
2025-04-16,18:45,British,JFK,ZRH,0,0,0,aucune,0,0,1.0,0,10.646691464213752,0
2025-04-16,06:00,Lufthansa,FRA,BRU,0,12,0,aucune,0,0,1.0,0,8.524670129244038,0
2025-04-16,09:00,KLM,LHR,MAD,0,23,0,aucune,0,0,1.0,0,8.932565490920283,0
2025-04-16,06:00,Lufthansa,AMS,ORD,0,4,0,aucune,0,0,1.0,0,8.413814156388522,0
2025-04-16,12:15,Ryanair,BRU,LIS,0,19,0,aucune,0,0,1.0,0,10.899034607119559,0
2025-04-16,22:30,Delta,DXB,AMS,0,12,0,aucune,0,0,1.0,0,9.958487795299279,0
2025-04-16,12:15,KLM,LHR,VIE,0,0,1,aucune,0,0,1.0,0,8.932565490920283,0
2025-04-16,10:00,Ryanair,BRU,ORD,0,20,0,aucune,0,0,1.0,0,10.899034607119559,0
2025-04-16,08:15,KLM,LHR,SIN,0,9,0,aucune,0,0,1.0,0,8.932565490920283,0
2025-04-16,10:15,Turkish,JFK,AMS,0,2,0,aucune,0,0,1.0,0,10.330317537216917,0
2025-04-16,18:45,Iberia,LHR,SIN,0,0,0,aucune,0,0,1.0,0,9.559299988415878,0
2025-04-16,18:45,Iberia,DXB,LHR,0,22,0,aucune,0,0,1.0,0,9.995614850758104,0
2025-04-16,17:00,Swiss,FRA,IST,0,23,0,aucune,0,0,1.0,0,9.720191797669496,0
2025-04-16,18:30,British,CDG,GVA,0,11,0,aucune,0,0,1.0,0,9.70383082858146,0
2025-04-16,19:15,British,DXB,FCO,0,14,0,aucune,0,0,1.0,0,10.435826820311906,0
2025-04-16,17:15,KLM,LHR,IST,0,5,0,aucune,0,0,1.0,0,8.932565490920283,0
2025-04-17,13:15,Turkish,LHR,DXB,0,14,0,aucune,0,0,1.0,0,9.757862701048106,0
2025-04-17,05:15,Lufthansa,FCO,AMS,0,7,0,aucune,0,0,1.0,0,11.542075502892594,0
2025-04-17,16:45,AirFrance,FCO,CDG,0,18,0,aucune,0,0,1.0,0,10.770294070399455,0
2025-04-17,18:00,KLM,FRA,BCN,0,2,0,aucune,0,0,1.0,0,8.958060846069941,0
2025-04-17,13:45,Emirates,DXB,SIN,0,22,0,aucune,0,0,1.0,0,10.153419728113029,0
2025-04-17,21:15,AirFrance,MAD,DXB,0,0,0,aucune,0,0,1.0,0,10.255582227543732,0
2025-04-17,07:15,Lufthansa,BRU,VIE,0,0,0,aucune,0,0,1.0,0,7.454309307294629,0
2025-04-17,21:30,Iberia,DXB,ORD,0,0,0,aucune,0,0,1.0,0,9.995614850758104,0
2025-04-17,13:15,Delta,MAD,MUC,0,0,0,aucune,0,0,1.0,0,10.341297856885014,0
2025-04-17,12:00,Ryanair,CDG,LIS,0,15,0,aucune,0,0,1.0,0,9.713397790841837,0
2025-04-17,10:30,Swiss,FCO,CDG,0,23,0,aucune,0,0,1.0,0,11.424537532324042,0
2025-04-17,05:15,Ryanair,JFK,FCO,0,19,0,aucune,0,0,1.0,0,10.69135304054744,0
2025-04-17,10:00,Iberia,IST,DXB,0,18,0,aucune,0,0,1.0,0,9.975865947419997,0
2025-04-17,22:15,Delta,CDG,MUC,0,22,0,aucune,0,0,1.0,0,10.19779787420868,0
2025-04-17,13:00,Swiss,IST,MAD,0,7,0,aucune,0,0,1.0,0,10.584616016593964,0
2025-04-17,06:45,Emirates,DXB,SIN,0,22,0,aucune,0,0,1.0,0,10.153419728113029,0
2025-04-17,16:30,Iberia,LHR,JFK,0,0,0,aucune,0,0,1.0,0,9.559299988415878,0
2025-04-17,12:15,Ryanair,CDG,FCO,0,7,0,aucune,0,0,1.0,0,9.713397790841837,0
2025-04-17,14:45,Swiss,FCO,LHR,0,12,0,aucune,0,0,1.0,0,11.424537532324042,0
2025-04-17,17:45,Swiss,AMS,LIS,0,17,0,aucune,0,0,1.0,0,10.80827794709312,0
2025-04-17,17:30,Swiss,MAD,IST,0,11,0,aucune,0,0,1.0,0,11.001853841268208,0
2025-04-17,09:00,Delta,JFK,BCN,0,21,0,aucune,0,0,1.0,0,10.72129712682476,0
2025-04-17,18:45,KLM,FRA,BCN,0,0,0,aucune,0,0,1.0,0,8.958060846069941,0
2025-04-17,11:00,Delta,MAD,ATH,0,9,0,aucune,0,0,1.0,0,10.341297856885014,0
2025-04-17,09:30,KLM,LHR,ZRH,0,0,0,aucune,0,0,1.0,0,8.932565490920283,0
2025-04-17,19:30,Iberia,MAD,JFK,0,17,0,aucune,0,0,1.0,0,10.362233317950029,0
2025-04-17,11:45,Emirates,MAD,FCO,0,2,0,aucune,0,0,1.0,0,10.18005660264879,0
2025-04-17,08:30,British,CDG,BCN,0,9,0,aucune,0,0,1.0,0,9.70383082858146,0
2025-04-17,18:00,Ryanair,FRA,BCN,0,21,0,aucune,0,0,1.0,0,9.779166845035297,0
2025-04-17,20:00,Iberia,JFK,BCN,0,5,0,aucune,0,0,1.0,0,10.275488197623602,0
2025-04-17,21:15,AirFrance,JFK,ZRH,0,18,0,aucune,0,0,1.0,0,10.374386251254064,0
2025-04-17,13:00,AirFrance,IST,SIN,0,15,0,aucune,0,0,1.0,0,10.0730056308749,0
2025-04-18,05:45,KLM,AMS,JFK,0,6,0,aucune,0,0,1.0,0,9.485257400367832,0
2025-04-18,14:30,AirFrance,IST,LIS,0,0,0,aucune,0,0,1.0,0,10.0730056308749,0
2025-04-18,20:45,Swiss,CDG,VIE,0,18,0,aucune,0,0,1.0,0,9.441253254301325,0
2025-04-18,21:00,Emirates,MAD,BCN,0,16,0,aucune,0,0,1.0,0,10.18005660264879,0
2025-04-18,13:15,Emirates,LHR,FCO,0,14,0,aucune,0,0,1.0,0,9.98055491939496,0
2025-04-18,17:15,AirFrance,CDG,ORD,0,0,0,aucune,0,0,1.0,0,9.290722488552985,0
2025-04-18,11:45,Ryanair,LHR,CDG,0,20,0,aucune,0,0,1.0,0,10.323800222610176,0
2025-04-18,09:45,Swiss,BRU,ORD,0,24,0,aucune,0,0,1.0,0,11.12030767731776,0
2025-04-18,07:15,AirFrance,FRA,JFK,0,20,0,aucune,0,0,1.0,0,9.596052935025407,0
2025-04-18,19:15,Iberia,JFK,FCO,0,16,0,aucune,0,0,1.0,0,10.275488197623602,0
2025-04-18,15:30,Iberia,FRA,VIE,0,12,0,aucune,0,0,1.0,0,9.98883789082956,0
2025-04-18,15:30,Swiss,DXB,LIS,0,11,0,aucune,0,0,1.0,0,9.462786188778614,0
2025-04-18,12:15,AirFrance,MAD,GVA,0,3,0,aucune,0,0,1.0,0,10.255582227543732,0
2025-04-18,21:30,Iberia,MAD,FCO,0,25,0,aucune,0,0,1.0,0,10.362233317950029,0
2025-04-18,13:00,Emirates,IST,LAX,0,22,0,aucune,0,0,1.0,0,10.440369730910577,0
2025-04-18,12:45,Emirates,JFK,VIE,0,11,0,aucune,0,0,1.0,0,10.58397683515233,0
2025-04-18,17:45,Ryanair,AMS,MUC,0,0,0,aucune,0,0,1.0,0,10.474161123655408,0
2025-04-18,20:00,British,CDG,LHR,0,7,0,aucune,0,0,1.0,0,9.70383082858146,0
2025-04-18,09:45,Iberia,CDG,MUC,0,25,0,aucune,0,0,1.0,0,11.25038464356729,0
2025-04-18,14:15,Iberia,FCO,LHR,0,13,0,aucune,0,0,1.0,0,11.002067604597704,0
2025-04-18,18:15,Turkish,LHR,ATH,0,5,0,aucune,0,0,1.0,0,9.757862701048106,0
2025-04-18,15:45,Lufthansa,JFK,FCO,0,0,0,aucune,0,0,1.0,0,8.406246904805842,0
2025-04-18,05:15,Swiss,MAD,GVA,0,23,0,aucune,0,0,1.0,0,11.001853841268208,0
2025-04-18,09:00,AirFrance,FCO,IST,0,0,0,aucune,0,0,1.0,0,10.770294070399455,0
2025-04-18,16:30,Ryanair,JFK,MAD,0,0,0,aucune,0,0,1.0,0,10.69135304054744,0
2025-04-18,15:00,AirFrance,BRU,FCO,0,0,0,aucune,0,0,1.0,0,10.195831962302792,0
2025-04-18,11:15,KLM,FCO,ZRH,0,3,0,aucune,0,0,1.0,0,10.562601361918917,0
2025-04-18,21:00,Ryanair,FRA,ZRH,0,0,0,aucune,0,0,1.0,0,9.779166845035297,0
2025-04-18,13:15,Swiss,JFK,GVA,0,14,0,aucune,0,0,1.0,0,10.930086241248716,0
2025-04-18,14:00,KLM,AMS,IST,0,17,0,aucune,0,0,1.0,0,9.485257400367832,0
2025-04-18,19:30,Swiss,FRA,ORD,0,15,0,aucune,0,0,1.0,0,9.720191797669496,0
2025-04-18,17:45,Delta,FRA,MUC,0,1,0,aucune,0,0,1.0,0,9.907499779662231,0
2025-04-19,09:15,AirFrance,JFK,MAD,0,13,0,aucune,0,0,1.0,0,10.374386251254064,0
2025-04-19,09:00,Iberia,DXB,ZRH,0,18,0,aucune,0,0,1.0,0,9.995614850758104,0
2025-04-19,15:30,Ryanair,LHR,GVA,0,8,0,aucune,0,0,1.0,0,10.323800222610176,0
2025-04-19,22:30,Delta,FCO,MAD,0,6,0,aucune,0,0,1.0,0,10.441541091993988,0
2025-04-19,11:30,Lufthansa,CDG,MAD,0,21,0,aucune,0,0,1.0,0,10.345662771165589,0
2025-04-19,13:45,Emirates,FCO,JFK,0,16,0,aucune,0,0,1.0,0,10.889587005907577,0
2025-04-19,15:45,Emirates,AMS,CDG,0,16,0,aucune,0,0,1.0,0,10.418118610388598,0
2025-04-19,10:00,Emirates,FRA,LHR,0,0,0,aucune,0,0,1.0,0,9.17474178633152,0
2025-04-19,15:15,AirFrance,DXB,SIN,0,11,0,aucune,0,0,1.0,0,9.880257368549668,0
2025-04-19,13:15,Emirates,MAD,FCO,0,0,1,aucune,0,0,1.0,0,10.18005660264879,0
2025-04-19,16:30,Ryanair,AMS,BCN,0,0,0,aucune,0,0,1.0,0,10.474161123655408,0
2025-04-19,21:15,Delta,DXB,MUC,0,16,0,aucune,0,0,1.0,0,9.958487795299279,0
2025-04-19,21:30,Swiss,MAD,CPH,0,13,0,aucune,0,0,1.0,0,11.001853841268208,0
2025-04-19,11:45,AirFrance,FCO,LIS,0,12,0,aucune,0,0,1.0,0,10.770294070399455,0
2025-04-19,19:00,Turkish,AMS,MAD,0,8,0,aucune,0,0,1.0,0,10.164945274904731,0
2025-04-19,07:45,KLM,FCO,LIS,0,2,0,aucune,0,0,1.0,0,10.562601361918917,0
2025-04-19,12:45,Turkish,FRA,MAD,0,21,0,aucune,0,0,1.0,0,10.833908092071532,0
2025-04-19,13:45,Turkish,CDG,CPH,0,2,0,aucune,0,0,1.0,0,9.214724580094824,0
2025-04-19,19:15,KLM,CDG,LHR,0,0,0,aucune,0,0,1.0,0,8.622385227489598,0
2025-04-19,13:45,AirFrance,IST,MUC,0,19,0,aucune,0,0,1.0,0,10.0730056308749,0
2025-04-19,06:45,Ryanair,LHR,VIE,0,16,0,aucune,0,0,1.0,0,10.323800222610176,0
2025-04-19,08:15,KLM,IST,BCN,0,0,0,aucune,0,0,1.0,0,9.525403166489575,0
2025-04-19,11:00,KLM,JFK,MUC,0,15,0,aucune,0,0,1.0,0,9.580382236427244,0
2025-04-19,20:00,Lufthansa,DXB,LAX,0,0,0,aucune,0,0,1.0,0,7.4770206669693655,0
2025-04-19,13:45,Emirates,MAD,SIN,0,18,0,aucune,0,0,1.0,0,10.18005660264879,0
2025-04-19,08:30,Turkish,IST,VIE,0,15,0,aucune,0,0,1.0,0,9.84623998180107,0
2025-04-19,09:00,AirFrance,LHR,FCO,0,19,0,aucune,0,0,1.0,0,9.801445452633711,0
2025-04-19,13:15,Lufthansa,FCO,BCN,0,0,0,aucune,0,0,1.0,0,11.542075502892594,0
2025-04-19,22:45,Swiss,JFK,GVA,0,16,0,aucune,0,0,1.0,0,10.930086241248716,0
2025-04-19,07:30,Lufthansa,AMS,IST,0,7,0,aucune,0,0,1.0,0,8.413814156388522,0
2025-04-19,22:30,AirFrance,BRU,FCO,0,0,0,aucune,0,0,1.0,0,10.195831962302792,0
2025-04-19,15:15,Swiss,IST,SIN,0,10,0,aucune,0,0,1.0,0,10.584616016593964,0
2025-04-20,16:00,British,MAD,CDG,0,0,0,aucune,0,0,1.0,0,10.315804858594936,0
2025-04-20,17:15,Emirates,LHR,GVA,0,19,0,aucune,0,0,1.0,0,9.98055491939496,0
2025-04-20,07:15,Iberia,IST,JFK,0,7,0,aucune,0,0,1.0,0,9.975865947419997,0
2025-04-20,16:15,AirFrance,CDG,JFK,0,0,1,aucune,0,0,1.0,0,9.290722488552985,0
2025-04-20,16:00,British,AMS,CDG,0,18,0,aucune,0,0,1.0,0,10.555620061811744,0
2025-04-20,15:45,Lufthansa,DXB,BRU,0,14,0,aucune,0,0,1.0,0,7.4770206669693655,0
2025-04-20,08:15,Iberia,FCO,VIE,0,12,0,aucune,0,0,1.0,0,11.002067604597704,0
2025-04-20,15:00,Ryanair,CDG,MUC,0,2,0,aucune,0,0,1.0,0,9.713397790841837,0
2025-04-20,18:30,AirFrance,JFK,MAD,0,25,0,aucune,0,0,1.0,0,10.374386251254064,0
2025-04-20,09:30,KLM,DXB,LAX,0,5,0,aucune,0,0,1.0,0,8.858267362713107,0
2025-04-20,07:30,Lufthansa,FCO,MUC,0,18,0,aucune,0,0,1.0,0,11.542075502892594,0
2025-04-20,05:00,Turkish,AMS,IST,0,17,0,aucune,0,0,1.0,0,10.164945274904731,0
2025-04-20,09:00,British,JFK,BRU,0,3,0,aucune,0,0,1.0,0,10.646691464213752,0
2025-04-20,15:00,Emirates,BRU,SIN,0,13,0,aucune,0,0,1.0,0,10.233201155298815,0
2025-04-20,12:00,Turkish,FRA,CPH,0,19,0,aucune,0,0,1.0,0,10.833908092071532,0
2025-04-20,07:30,Swiss,FRA,BRU,0,23,0,aucune,0,0,1.0,0,9.720191797669496,0
2025-04-20,06:30,KLM,JFK,MUC,0,3,0,aucune,0,0,1.0,0,9.580382236427244,0
2025-04-20,09:00,Lufthansa,BRU,AMS,0,0,0,aucune,0,0,1.0,0,7.454309307294629,0
2025-04-20,06:45,British,MAD,VIE,0,0,0,aucune,0,0,1.0,0,10.315804858594936,0
2025-04-20,22:15,Lufthansa,AMS,IST,0,0,0,aucune,0,0,1.0,0,8.413814156388522,0
2025-04-20,08:00,Iberia,LHR,ZRH,0,0,0,aucune,0,0,1.0,0,9.559299988415878,0
2025-04-20,21:15,KLM,CDG,CPH,0,23,0,aucune,0,0,1.0,0,8.622385227489598,0
2025-04-20,11:45,Swiss,LHR,MAD,0,8,0,aucune,0,0,1.0,0,10.364547435412636,0
2025-04-20,17:15,Swiss,FRA,BCN,0,0,0,aucune,0,0,1.0,0,9.720191797669496,0
2025-04-20,18:30,Turkish,LHR,BRU,0,17,0,aucune,0,0,1.0,0,9.757862701048106,0
2025-04-20,20:00,Lufthansa,MAD,LIS,0,1,0,aucune,0,0,1.0,0,9.058649286265274,0
2025-04-20,09:15,Ryanair,JFK,SIN,0,0,0,aucune,0,0,1.0,0,10.69135304054744,0
2025-04-20,12:15,AirFrance,JFK,DXB,0,0,0,aucune,0,0,1.0,0,10.374386251254064,0
2025-04-20,13:00,Ryanair,CDG,IST,0,17,0,aucune,0,0,1.0,0,9.713397790841837,0
2025-04-20,05:45,Lufthansa,AMS,SIN,0,9,0,aucune,0,0,1.0,0,8.413814156388522,0
2025-04-20,08:30,British,MAD,LHR,0,16,0,aucune,0,0,1.0,0,10.315804858594936,0
2025-04-20,13:45,Delta,DXB,IST,0,7,0,aucune,0,0,1.0,0,9.958487795299279,0
2025-04-21,12:45,Iberia,FRA,LHR,0,0,0,aucune,0,1,1.0,0,8.543141862960548,0
2025-04-21,18:45,Emirates,CDG,MAD,0,18,0,aucune,0,1,1.0,0,10.201682749167265,0
2025-04-21,14:15,KLM,JFK,ORD,0,0,0,aucune,0,1,1.0,0,7.312336771392179,0
2025-04-21,10:45,AirFrance,FCO,CPH,0,0,0,aucune,0,1,1.0,0,8.523421935699776,0
2025-04-21,16:30,Delta,FCO,SIN,0,17,0,aucune,0,1,1.0,0,9.025729273050215,0
2025-04-21,20:45,Turkish,DXB,GVA,0,2,0,aucune,0,1,1.0,0,9.695561702308385,0
2025-04-21,09:00,Delta,FCO,LHR,0,2,0,aucune,0,1,1.0,0,9.025729273050215,0
2025-04-21,22:15,Lufthansa,FRA,BCN,0,11,0,aucune,0,1,1.0,0,8.499940544274567,0
2025-04-21,08:30,Swiss,FRA,DXB,0,0,0,aucune,0,1,1.0,0,7.888362350995732,0
2025-04-21,08:15,Turkish,FRA,SIN,0,19,0,aucune,0,1,1.0,0,11.028146463858558,0
2025-04-21,22:15,Iberia,IST,AMS,0,0,0,aucune,0,1,1.0,0,8.020615898110885,0
2025-04-21,15:45,Ryanair,AMS,MAD,0,10,0,aucune,0,1,1.0,0,9.106200881962554,0
2025-04-21,08:30,KLM,FRA,LAX,0,13,0,aucune,0,1,1.0,0,7.817536424531676,0
2025-04-21,17:30,Lufthansa,MAD,GVA,0,14,0,aucune,0,1,1.0,0,10.884686226403737,0
2025-04-21,12:30,AirFrance,AMS,DXB,0,10,0,aucune,0,1,1.0,0,8.936932871856115,0
2025-04-21,22:30,Iberia,LHR,CDG,0,25,0,aucune,0,1,1.0,0,14.262373546181093,0
2025-04-21,07:00,Ryanair,DXB,SIN,0,8,0,aucune,0,1,1.0,0,9.039381005673222,0
2025-04-21,11:45,KLM,IST,FCO,0,0,0,aucune,0,1,1.0,0,7.273291853482541,0
2025-04-21,22:45,Emirates,LHR,IST,0,1,0,aucune,0,1,1.0,0,11.879160117154496,0
2025-04-21,06:30,AirFrance,BRU,CDG,0,0,0,aucune,0,1,1.0,0,7.8581994341321,0
2025-04-21,19:15,Lufthansa,AMS,LAX,0,14,0,aucune,0,1,1.0,0,8.831987019598337,0
2025-04-21,13:15,AirFrance,FCO,ORD,0,12,0,aucune,0,1,1.0,0,8.523421935699776,0
2025-04-21,05:45,Delta,MAD,BCN,0,0,0,aucune,0,1,1.0,0,9.437377181283273,0
2025-04-21,12:30,AirFrance,MAD,DXB,0,24,0,aucune,0,1,1.0,0,10.89632852459373,0
2025-04-21,19:15,AirFrance,JFK,LIS,0,0,0,aucune,0,1,1.0,0,8.347942237525878,0
2025-04-21,11:15,Emirates,LHR,MAD,0,18,0,aucune,0,1,1.0,0,11.879160117154496,0
2025-04-21,11:15,Emirates,FRA,CDG,0,0,0,aucune,0,1,1.0,0,7.7008976471290005,0
2025-04-21,12:15,AirFrance,JFK,IST,0,6,0,aucune,0,1,1.0,0,8.347942237525878,0
2025-04-21,14:45,Emirates,JFK,ATH,0,10,0,aucune,0,1,1.0,0,8.467758307637485,0
2025-04-21,10:30,AirFrance,IST,ATH,0,16,0,aucune,0,1,1.0,0,8.455662314570331,0
2025-04-21,18:00,Lufthansa,DXB,IST,0,0,0,aucune,0,1,1.0,0,8.007983463329868,0
2025-04-21,08:45,Delta,DXB,LAX,0,17,0,aucune,0,1,1.0,0,8.885623297991915,0
2025-04-21,22:30,Iberia,DXB,VIE,0,16,0,aucune,0,1,1.0,0,9.035623536848872,0
2025-04-21,19:45,Emirates,BRU,JFK,0,3,0,aucune,0,1,1.0,0,7.71223855778591,0
2025-04-22,11:00,Delta,MAD,MUC,1,93,0,systeme_informatique,1,2,1.0,0,133.30304445539645,1
2025-04-22,19:00,Ryanair,JFK,ZRH,1,51,0,systeme_informatique,1,2,1.0,0,128.7401944149569,1
2025-04-22,22:00,Swiss,FCO,LHR,1,119,0,systeme_informatique,1,2,1.0,0,117.3401773381976,1
2025-04-22,09:00,Swiss,DXB,VIE,1,74,0,systeme_informatique,1,2,1.0,0,108.1276836864199,1
2025-04-22,12:00,Swiss,BRU,VIE,1,54,0,systeme_informatique,1,2,1.0,0,94.37083098078853,1
2025-04-22,22:00,British,IST,VIE,1,56,0,systeme_informatique,1,2,1.0,0,112.69474817905355,1
2025-04-22,15:15,Emirates,CDG,LHR,1,107,0,systeme_informatique,1,2,1.0,0,145.19886330348868,1
2025-04-22,11:15,Delta,JFK,CPH,1,63,0,systeme_informatique,1,2,1.0,0,125.65338024973757,1
2025-04-22,07:45,Swiss,JFK,MUC,1,0,1,systeme_informatique,1,2,1.0,0,102.53601559481582,1
2025-04-22,13:30,AirFrance,CDG,AMS,1,48,0,systeme_informatique,1,2,1.0,0,137.50743600275047,1
2025-04-22,05:00,Lufthansa,AMS,IST,1,0,1,systeme_informatique,1,2,1.0,0,168.1934064719975,1
2025-04-22,11:45,Lufthansa,FCO,VIE,1,0,1,systeme_informatique,1,2,1.0,0,161.62988939517757,1
2025-04-22,05:15,British,AMS,LHR,1,59,0,systeme_informatique,1,2,1.0,0,118.8860733387013,1
2025-04-22,21:30,Turkish,FRA,ATH,1,55,0,systeme_informatique,1,2,1.0,0,119.17332265875005,1
2025-04-22,09:45,Turkish,FCO,CPH,1,0,1,systeme_informatique,1,2,1.0,0,123.26454910157878,1
2025-04-22,14:00,British,MAD,GVA,1,50,0,systeme_informatique,1,2,1.0,0,111.10940954408761,1
2025-04-22,19:00,AirFrance,BRU,MAD,1,45,0,systeme_informatique,1,2,1.0,0,121.37113635310196,1
2025-04-22,12:45,British,AMS,BRU,1,91,0,systeme_informatique,1,2,1.0,0,118.8860733387013,1
2025-04-22,13:15,KLM,MAD,LIS,1,60,0,systeme_informatique,1,2,1.0,0,133.1590503793407,1
2025-04-22,09:30,Swiss,LHR,MUC,1,92,0,systeme_informatique,1,2,1.0,0,110.38602533479799,1
2025-04-22,16:30,Emirates,BRU,LHR,1,50,0,systeme_informatique,1,2,1.0,0,131.24571610311267,1
2025-04-22,06:45,AirFrance,MAD,SIN,1,75,0,systeme_informatique,1,2,1.0,0,118.57336960630552,1
2025-04-22,22:45,Ryanair,AMS,MAD,1,0,1,systeme_informatique,1,2,1.0,0,130.96190849053778,1
2025-04-22,07:00,Turkish,CDG,BRU,1,95,0,systeme_informatique,1,2,1.0,0,132.88717387975748,1
2025-04-22,21:00,Swiss,IST,AMS,1,78,0,systeme_informatique,1,2,1.0,0,99.35386169289171,1
2025-04-22,13:15,Swiss,FCO,GVA,1,76,0,systeme_informatique,1,2,1.0,0,117.3401773381976,1
2025-04-22,17:15,Swiss,JFK,DXB,1,79,0,systeme_informatique,1,2,1.0,0,102.53601559481582,1
2025-04-22,07:15,KLM,BRU,MUC,1,66,0,systeme_informatique,1,2,1.0,0,124.12829470567132,1
2025-04-22,14:45,Turkish,DXB,AMS,1,76,0,systeme_informatique,1,2,1.0,0,137.83159426141796,1
2025-04-22,09:30,Swiss,MAD,SIN,1,58,0,systeme_informatique,1,2,1.0,0,93.71116440049141,1
2025-04-22,13:00,Iberia,CDG,DXB,1,82,0,systeme_informatique,1,2,1.0,0,132.68653318994689,1
2025-04-22,17:15,British,AMS,MUC,1,0,1,systeme_informatique,1,2,1.0,0,118.8860733387013,1
2025-04-22,12:30,British,IST,ATH,1,0,1,systeme_informatique,1,2,1.0,0,112.69474817905355,1
2025-04-22,05:00,Iberia,MAD,MUC,1,97,0,systeme_informatique,1,2,1.0,0,120.2062037639287,1
2025-04-22,14:00,Delta,JFK,BCN,1,75,0,systeme_informatique,1,2,1.0,0,125.65338024973757,1
2025-04-23,21:15,Turkish,AMS,ATH,1,104,0,systeme_informatique,1,2,1.0,0,124.24066141649391,1
2025-04-23,06:30,AirFrance,FRA,MAD,1,82,0,systeme_informatique,1,2,1.0,0,125.61206827384825,1
2025-04-23,11:15,British,LHR,CPH,1,77,0,systeme_informatique,1,2,1.0,0,127.6598994693325,1
2025-04-23,08:45,Delta,DXB,BRU,1,0,1,systeme_informatique,1,2,1.0,0,145.82746352064692,1
2025-04-23,19:45,Lufthansa,IST,MAD,1,70,0,systeme_informatique,1,2,1.0,0,154.04088286896646,1
2025-04-23,07:15,Iberia,LHR,ZRH,1,96,0,systeme_informatique,1,2,1.0,0,135.59234073123503,1
2025-04-23,12:00,KLM,CDG,FCO,1,55,0,systeme_informatique,1,2,1.0,0,156.87217954748476,1
2025-04-23,21:45,British,MAD,ZRH,1,104,0,systeme_informatique,1,2,1.0,0,111.10940954408761,1
2025-04-23,18:00,AirFrance,DXB,IST,1,48,0,systeme_informatique,1,2,1.0,0,138.69223780933274,1
2025-04-23,05:00,British,MAD,ZRH,1,0,1,systeme_informatique,1,2,1.0,0,111.10940954408761,1
2025-04-23,21:00,Delta,MAD,BCN,1,105,0,systeme_informatique,1,2,1.0,0,133.30304445539645,1
2025-04-23,20:30,Turkish,BRU,ZRH,1,98,0,systeme_informatique,1,2,1.0,0,118.38625184911486,1
2025-04-23,11:45,British,BRU,DXB,1,62,0,systeme_informatique,1,2,1.0,0,124.86625924182344,1
2025-04-23,07:30,Ryanair,JFK,BRU,1,112,0,systeme_informatique,1,2,1.0,0,128.7401944149569,1
2025-04-23,14:00,Swiss,FRA,SIN,1,74,0,systeme_informatique,1,2,1.0,0,101.72394772622758,1
2025-04-23,20:30,AirFrance,BRU,ATH,1,0,1,systeme_informatique,1,2,1.0,0,121.37113635310196,1
2025-04-23,10:15,Ryanair,BRU,CPH,1,0,1,systeme_informatique,1,2,1.0,0,125.20131471263238,1
2025-04-23,19:30,British,AMS,CDG,1,0,1,systeme_informatique,1,2,1.0,0,118.8860733387013,1
2025-04-23,06:30,Emirates,IST,VIE,1,97,0,systeme_informatique,1,2,1.0,0,137.39465554439997,1
2025-04-23,06:30,AirFrance,AMS,LAX,1,108,0,systeme_informatique,1,2,1.0,0,127.22554592048101,1
2025-04-23,18:45,AirFrance,IST,BRU,1,59,0,systeme_informatique,1,2,1.0,0,121.7299899916025,1
2025-04-23,18:00,AirFrance,LHR,MAD,1,111,0,systeme_informatique,1,2,1.0,0,139.12425947647225,1
2025-04-23,16:45,KLM,BRU,FCO,1,48,0,systeme_informatique,1,2,1.0,0,124.12829470567132,1
2025-04-23,19:00,British,LHR,BRU,1,67,0,systeme_informatique,1,2,1.0,0,127.6598994693325,1
2025-04-23,13:30,British,CDG,LHR,1,110,0,systeme_informatique,1,2,1.0,0,136.91904646488732,1
2025-04-23,18:00,Iberia,FCO,CDG,1,116,0,systeme_informatique,1,2,1.0,1,128.0618835471974,1
2025-04-23,09:15,Swiss,FRA,ORD,1,0,1,systeme_informatique,1,2,1.0,0,101.72394772622758,1
2025-04-23,14:00,Swiss,FCO,SIN,1,88,0,systeme_informatique,1,2,1.0,0,117.3401773381976,1
2025-04-23,20:15,KLM,CDG,IST,1,74,0,systeme_informatique,1,2,1.0,0,156.87217954748476,1
2025-04-23,08:00,Lufthansa,AMS,JFK,1,47,0,systeme_informatique,1,2,1.0,0,168.1934064719975,1
2025-04-23,06:30,Ryanair,BRU,FCO,1,82,0,systeme_informatique,1,2,1.0,0,125.20131471263238,1
2025-04-23,10:00,Iberia,FRA,VIE,1,66,0,systeme_informatique,1,2,1.0,0,126.85618488214641,1
2025-04-23,18:45,Turkish,IST,JFK,1,56,0,systeme_informatique,1,2,1.0,0,118.74510548761538,1
2025-04-23,14:15,Swiss,AMS,LIS,1,94,0,systeme_informatique,1,2,1.0,0,103.60827121654152,1
2025-04-23,12:15,British,BRU,ZRH,1,0,1,systeme_informatique,1,2,1.0,0,124.86625924182344,1
2025-04-24,21:30,Ryanair,BRU,SIN,1,164,0,systeme_informatique,1,2,1.0,0,125.20131471263238,1
2025-04-24,10:15,Turkish,DXB,CDG,1,223,0,systeme_informatique,1,2,1.0,0,137.83159426141796,1
2025-04-24,18:00,Swiss,FCO,ATH,1,221,0,communication_tour_controle,1,2,1.0,0,117.3401773381976,1
2025-04-24,18:00,Iberia,DXB,IST,1,199,0,systeme_informatique,1,2,1.0,0,142.30190997318644,1
2025-04-24,21:15,British,BRU,DXB,1,0,1,systeme_informatique,1,2,1.0,0,124.86625924182344,1
2025-04-24,22:00,Turkish,CDG,BCN,1,224,0,systeme_informatique,1,2,1.0,0,132.88717387975748,1
2025-04-24,09:45,British,CDG,VIE,1,0,1,communication_tour_controle,1,2,1.0,0,136.91904646488732,1
2025-04-24,22:15,KLM,FRA,FCO,1,0,1,communication_tour_controle,1,2,1.0,0,157.9941664878315,1
2025-04-24,16:45,Lufthansa,LHR,AMS,1,263,0,communication_tour_controle,1,2,1.0,0,213.27497376291444,1
2025-04-24,08:15,Delta,IST,BCN,1,0,1,systeme_informatique,1,2,1.0,0,136.1153411998193,1
2025-04-24,13:15,Turkish,MAD,VIE,1,0,1,communication_tour_controle,1,2,1.0,0,115.58848510231842,1
2025-04-24,21:30,AirFrance,CDG,ATH,1,242,0,systeme_informatique,1,2,1.0,0,137.50743600275047,1
2025-04-24,05:45,Ryanair,MAD,LHR,1,136,0,systeme_informatique,1,2,1.0,0,125.5414623350924,1
2025-04-24,17:15,Lufthansa,JFK,IST,1,0,1,systeme_informatique,1,2,1.0,0,166.5934940655633,1
2025-04-24,06:00,KLM,IST,MAD,1,276,0,systeme_informatique,1,2,1.0,0,178.62060039745876,1
2025-04-24,14:00,British,CDG,JFK,1,224,0,systeme_informatique,1,2,1.0,0,136.91904646488732,1
2025-04-24,19:45,Emirates,CDG,BCN,1,176,0,communication_tour_controle,1,2,1.0,0,145.19886330348868,1
2025-04-24,05:45,Iberia,FCO,MUC,1,0,1,communication_tour_controle,1,2,1.0,1,128.0618835471974,1
2025-04-24,09:45,KLM,DXB,ZRH,1,0,1,systeme_informatique,1,2,1.0,0,165.1929506654156,1
2025-04-24,20:45,KLM,CDG,ATH,1,264,0,systeme_informatique,1,2,1.0,0,156.87217954748476,1
2025-04-24,13:00,KLM,IST,VIE,1,0,1,systeme_informatique,1,2,1.0,0,178.62060039745876,1
2025-04-24,11:15,Iberia,LHR,FCO,1,153,0,communication_tour_controle,1,2,1.0,0,135.59234073123503,1
2025-04-24,16:15,Delta,AMS,LHR,1,147,0,systeme_informatique,1,2,1.0,0,141.02108043642954,1
2025-04-24,19:00,Delta,DXB,BRU,1,140,0,systeme_informatique,1,2,1.0,0,145.82746352064692,1
2025-04-24,17:00,Delta,MAD,LAX,1,251,0,communication_tour_controle,1,2,1.0,0,133.30304445539645,1
2025-04-24,09:45,Iberia,IST,LIS,1,0,1,systeme_informatique,1,2,1.0,0,127.45400510417414,1
2025-04-24,11:45,Lufthansa,IST,MUC,1,0,1,systeme_informatique,1,2,1.0,0,154.04088286896646,1
2025-04-24,10:30,AirFrance,DXB,LHR,1,195,0,systeme_informatique,1,2,1.0,0,138.69223780933274,1
2025-04-24,18:30,Turkish,CDG,SIN,1,0,1,communication_tour_controle,1,2,1.0,0,132.88717387975748,1
2025-04-24,08:45,Iberia,IST,BRU,1,156,0,communication_tour_controle,1,2,1.0,0,127.45400510417414,1
2025-04-24,21:15,Emirates,JFK,AMS,1,161,0,communication_tour_controle,1,2,1.0,0,142.67245894423732,1
2025-04-24,22:15,Lufthansa,LHR,LAX,1,252,0,communication_tour_controle,1,2,1.0,0,213.27497376291444,1
2025-04-24,10:30,Iberia,BRU,JFK,1,179,0,systeme_informatique,1,2,1.0,0,124.21708629473345,1
2025-04-24,22:15,Lufthansa,IST,ATH,1,259,0,communication_tour_controle,1,2,1.0,0,154.04088286896646,1
2025-04-24,18:00,British,LHR,LIS,1,235,0,systeme_informatique,1,2,1.0,0,127.6598994693325,1
2025-04-24,20:45,KLM,JFK,CDG,1,242,0,communication_tour_controle,1,2,1.0,0,163.6669745564153,1
2025-04-24,20:15,KLM,IST,ZRH,1,0,1,systeme_informatique,1,2,1.0,0,178.62060039745876,1
2025-04-25,17:15,Lufthansa,DXB,ATH,1,177,0,communication_tour_controle,1,2,1.0,0,167.7474255337079,1
2025-04-25,10:00,KLM,AMS,MAD,1,205,0,communication_tour_controle,1,2,1.0,0,159.74283930512513,1
2025-04-25,08:30,KLM,BRU,ATH,1,138,0,systeme_informatique,1,2,1.0,0,124.12829470567132,1
2025-04-25,07:15,British,BRU,LHR,1,236,0,systeme_informatique,1,2,1.0,0,124.86625924182344,1
2025-04-25,22:30,Delta,MAD,VIE,1,193,0,systeme_informatique,1,2,1.0,0,133.30304445539645,1
2025-04-25,10:15,AirFrance,AMS,FCO,1,274,0,systeme_informatique,1,2,1.0,0,127.22554592048101,1
2025-04-25,22:45,Ryanair,FRA,GVA,1,194,0,communication_tour_controle,1,2,1.0,0,131.3767088083196,1
2025-04-25,15:00,Lufthansa,FRA,BCN,1,235,0,communication_tour_controle,1,2,1.0,0,178.82869669355404,1
2025-04-25,06:45,Lufthansa,AMS,IST,1,180,0,communication_tour_controle,1,2,1.0,0,168.1934064719975,1
2025-04-25,19:45,Iberia,LHR,VIE,1,0,1,communication_tour_controle,1,2,1.0,0,135.59234073123503,1
2025-04-25,13:45,Lufthansa,BRU,FCO,1,280,0,communication_tour_controle,1,2,1.0,0,201.28021876872404,1
2025-04-25,20:45,KLM,IST,ZRH,1,279,0,communication_tour_controle,1,2,1.0,0,178.62060039745876,1
2025-04-25,21:45,Emirates,DXB,MUC,1,252,0,communication_tour_controle,1,2,1.0,0,184.63313548087623,1
2025-04-25,06:30,Swiss,CDG,DXB,1,0,1,systeme_informatique,1,2,1.0,0,114.63251516050747,1
2025-04-25,16:00,Turkish,CDG,BCN,1,0,1,communication_tour_controle,1,2,1.0,0,132.88717387975748,1
2025-04-25,19:00,AirFrance,JFK,ATH,1,191,0,systeme_informatique,1,2,1.0,0,125.00383184490015,1
2025-04-25,15:30,Turkish,FRA,ATH,1,0,1,communication_tour_controle,1,2,1.0,0,119.17332265875005,1
2025-04-25,11:15,British,BRU,MUC,1,167,0,systeme_informatique,1,2,1.0,0,124.86625924182344,1
2025-04-25,22:30,KLM,LHR,IST,1,259,0,systeme_informatique,1,2,1.0,0,182.62464231930872,1
2025-04-25,15:45,Emirates,FRA,FCO,1,295,0,communication_tour_controle,1,2,1.0,0,179.8698253515164,1
2025-04-25,10:30,Iberia,DXB,MUC,1,0,1,systeme_informatique,1,2,1.0,0,142.30190997318644,1
2025-04-25,17:15,Delta,AMS,CPH,1,275,0,communication_tour_controle,1,2,1.0,0,141.02108043642954,1
2025-04-25,08:15,Swiss,JFK,VIE,1,0,1,systeme_informatique,1,2,1.0,0,102.53601559481582,1
2025-04-25,20:30,KLM,IST,BCN,1,124,0,communication_tour_controle,1,2,1.0,0,178.62060039745876,1
2025-04-25,14:30,Delta,CDG,IST,1,198,0,systeme_informatique,1,2,1.0,0,151.0773392604914,1
2025-04-25,21:00,Lufthansa,FCO,GVA,1,0,1,communication_tour_controle,1,2,1.0,0,161.62988939517757,1
2025-04-25,12:30,AirFrance,JFK,BCN,1,0,1,systeme_informatique,1,2,1.0,0,125.00383184490015,1
2025-04-25,15:30,Iberia,JFK,MUC,1,0,1,systeme_informatique,1,2,1.0,1,126.81628178653163,1
2025-04-25,10:30,Ryanair,LHR,CDG,1,241,0,systeme_informatique,1,2,1.0,0,149.93423315764008,1
2025-04-25,12:45,Iberia,AMS,FCO,1,124,0,communication_tour_controle,1,2,1.0,0,129.03799586211252,1
2025-04-25,09:00,Turkish,JFK,MAD,1,0,1,communication_tour_controle,1,2,1.0,0,122.39140887937458,1
2025-04-25,21:00,Ryanair,IST,GVA,1,0,1,systeme_informatique,1,2,1.0,0,125.46635256165922,1
2025-04-25,20:00,Turkish,AMS,ATH,1,180,0,communication_tour_controle,1,2,1.0,0,124.24066141649391,1
2025-04-25,17:15,Emirates,AMS,VIE,1,0,1,communication_tour_controle,1,2,1.0,0,145.28144010056354,1
2025-04-25,21:45,Iberia,IST,JFK,1,0,1,systeme_informatique,1,2,1.0,0,127.45400510417414,1
2025-04-25,09:45,British,IST,BCN,1,0,1,communication_tour_controle,1,2,1.0,0,112.69474817905355,1
2025-04-25,18:30,British,BRU,MUC,1,165,0,communication_tour_controle,1,2,1.0,0,124.86625924182344,1
2025-04-26,08:00,KLM,AMS,MAD,1,154,0,systeme_informatique,1,3,1.0,1,175.91877646483317,1
2025-04-26,06:00,Emirates,FRA,BCN,1,0,1,systeme_informatique,1,3,1.0,1,202.4812096760074,1
2025-04-26,07:15,Emirates,JFK,MUC,1,0,1,systeme_informatique,1,3,1.0,1,208.71715984220947,1
2025-04-26,15:30,Iberia,CDG,CPH,1,172,0,communication_tour_controle,1,3,1.0,1,180.39687247644412,1
2025-04-26,22:15,Lufthansa,FRA,ORD,1,192,0,communication_tour_controle,1,3,1.0,1,194.60663942968452,1
2025-04-26,17:45,Emirates,FCO,LAX,1,0,1,communication_tour_controle,1,3,1.0,1,201.0173071671778,1
2025-04-26,14:45,Emirates,CDG,ZRH,1,213,0,systeme_informatique,1,3,1.0,1,194.6836902563109,1
2025-04-26,16:30,Delta,JFK,CPH,1,175,0,systeme_informatique,1,3,1.0,1,192.89058461875157,1
2025-04-26,22:00,Emirates,LHR,FCO,1,0,1,systeme_informatique,1,3,1.0,1,215.07316778826757,1
2025-04-26,05:30,Ryanair,JFK,MAD,1,216,0,systeme_informatique,1,3,1.0,1,228.5010196080344,1
2025-04-26,21:15,KLM,FRA,JFK,1,0,1,communication_tour_controle,1,3,1.0,1,177.38267897366276,1
2025-04-26,16:00,Swiss,DXB,GVA,1,223,0,systeme_informatique,1,3,1.0,0,165.90154099219052,1
2025-04-26,19:15,Emirates,AMS,GVA,1,0,1,communication_tour_controle,1,3,1.0,1,201.0173071671778,1
2025-04-26,22:30,Iberia,DXB,LHR,1,159,0,systeme_informatique,1,3,1.0,0,168.6345662659364,1
2025-04-26,15:15,Ryanair,JFK,CPH,1,291,0,communication_tour_controle,1,3,1.0,1,228.5010196080344,1
2025-04-26,22:15,Lufthansa,MAD,FCO,1,260,0,communication_tour_controle,1,3,1.0,1,265.07747375685585,1
2025-04-26,08:45,Emirates,JFK,CDG,1,0,1,communication_tour_controle,1,3,1.0,1,208.71715984220947,1
2025-04-26,11:15,AirFrance,AMS,IST,1,0,1,systeme_informatique,1,3,1.0,1,184.59891847356997,1
2025-04-26,18:15,Lufthansa,MAD,BCN,1,288,0,systeme_informatique,1,3,1.0,1,265.07747375685585,1
2025-04-26,14:15,Swiss,IST,ZRH,1,180,0,communication_tour_controle,1,3,1.0,1,183.51551549496966,1
2025-04-26,16:15,Ryanair,IST,SIN,1,201,0,communication_tour_controle,1,3,1.0,1,207.50590952367435,1
2025-04-26,13:45,Lufthansa,FCO,JFK,1,0,1,communication_tour_controle,1,3,1.0,1,196.11918704873213,1
2025-04-26,14:15,AirFrance,BRU,BCN,1,186,0,communication_tour_controle,1,3,1.0,1,179.58040914136274,1
2025-04-26,08:15,Iberia,BRU,LIS,1,0,1,systeme_informatique,1,3,1.0,1,178.30323367829212,1
2025-04-26,19:00,Emirates,CDG,MUC,1,183,0,communication_tour_controle,1,3,1.0,1,194.6836902563109,1
2025-04-26,21:45,Lufthansa,LHR,GVA,1,0,1,systeme_informatique,1,3,1.0,1,212.48336448215187,1
2025-04-26,09:15,AirFrance,JFK,ZRH,1,0,1,systeme_informatique,1,3,1.0,1,199.3229085944892,1
2025-04-26,22:15,Emirates,CDG,MAD,1,187,0,communication_tour_controle,1,3,1.0,1,194.6836902563109,1
2025-04-26,19:45,British,LHR,BCN,1,290,0,systeme_informatique,1,3,1.0,0,203.90099062376532,1
2025-04-26,12:45,AirFrance,CDG,IST,1,0,1,communication_tour_controle,1,3,1.0,1,181.87013489603643,1
2025-04-26,12:45,Lufthansa,BRU,LIS,1,0,1,systeme_informatique,1,3,1.0,1,192.51503202621203,1
2025-04-26,16:15,Delta,BRU,FCO,1,125,0,systeme_informatique,1,3,1.0,1,162.1105374363226,1
2025-04-26,16:00,Lufthansa,FRA,IST,1,0,1,systeme_informatique,1,3,1.0,1,194.60663942968452,1
2025-04-26,06:15,AirFrance,BRU,CDG,1,0,1,communication_tour_controle,1,3,1.0,1,179.58040914136274,1
2025-04-26,07:00,Emirates,MAD,FCO,1,0,1,systeme_informatique,1,3,1.0,1,255.62101606367756,1
2025-04-26,08:15,Emirates,JFK,CDG,1,224,0,systeme_informatique,1,3,1.0,1,208.71715984220947,1
2025-04-26,06:00,Ryanair,JFK,BRU,1,0,1,systeme_informatique,1,3,1.0,1,228.5010196080344,1
2025-04-27,09:15,AirFrance,JFK,MAD,1,0,1,communication_tour_controle,1,3,1.0,1,199.3229085944892,1
2025-04-27,21:45,Delta,LHR,IST,1,0,1,systeme_informatique,1,3,1.0,1,193.50959544590168,1
2025-04-27,18:45,British,LHR,VIE,1,123,0,communication_tour_controle,1,3,1.0,0,203.90099062376532,1
2025-04-27,14:00,Emirates,FRA,ATH,1,0,1,systeme_informatique,1,3,1.0,1,202.4812096760074,1
2025-04-27,22:45,Swiss,DXB,MUC,1,122,0,communication_tour_controle,1,3,1.0,0,165.90154099219052,1
2025-04-27,09:15,Ryanair,FRA,DXB,1,0,1,systeme_informatique,1,3,1.0,1,223.63099060393256,1
2025-04-27,16:30,KLM,JFK,AMS,1,174,0,communication_tour_controle,1,3,1.0,1,187.19394074492646,1
2025-04-27,09:45,AirFrance,JFK,SIN,1,0,1,communication_tour_controle,1,3,1.0,1,199.3229085944892,1
2025-04-27,11:45,British,IST,BCN,1,0,1,communication_tour_controle,1,3,1.0,1,184.60162442595094,1
2025-04-27,09:15,AirFrance,FRA,FCO,1,0,1,communication_tour_controle,1,3,1.0,1,186.06282098239961,1
2025-04-27,06:45,Lufthansa,AMS,IST,1,0,1,communication_tour_controle,1,3,1.0,1,196.11918704873213,1
2025-04-27,13:00,Emirates,BRU,MAD,1,233,0,systeme_informatique,1,3,1.0,1,198.34965497782764,1
2025-04-27,18:45,Ryanair,CDG,LHR,1,0,1,communication_tour_controle,1,3,1.0,1,215.67429681448814,1
2025-04-27,21:00,British,AMS,ORD,1,160,0,systeme_informatique,1,3,1.0,0,184.9673387116652,1
2025-04-27,12:30,AirFrance,LHR,MAD,1,0,1,communication_tour_controle,1,3,1.0,1,203.1959037190034,1
2025-04-27,17:45,Ryanair,FCO,DXB,1,228,0,communication_tour_controle,1,3,1.0,1,217.34817142843625,1
2025-04-27,07:30,Iberia,BRU,DXB,1,0,1,systeme_informatique,1,3,1.0,1,178.30323367829212,1
2025-04-27,12:30,Iberia,JFK,ZRH,1,184,0,systeme_informatique,1,3,1.0,1,194.3441400209201,1
2025-04-27,08:00,Swiss,CDG,BRU,1,0,1,systeme_informatique,1,3,1.0,1,181.15841842537262,1
2025-04-27,05:45,Swiss,LHR,BRU,1,0,1,systeme_informatique,1,3,1.0,1,202.3627764296261,1
2025-04-27,20:15,KLM,IST,MAD,1,0,1,systeme_informatique,1,3,1.0,1,175.5530621791189,1
2025-04-27,16:45,Lufthansa,DXB,LIS,1,127,0,systeme_informatique,1,3,1.0,0,167.40434469986718,1
2025-04-27,15:00,Iberia,JFK,IST,1,0,1,communication_tour_controle,1,3,1.0,1,194.3441400209201,1
2025-04-27,08:15,AirFrance,FCO,LAX,1,0,1,systeme_informatique,1,3,1.0,1,184.59891847356997,1
2025-04-27,14:30,Swiss,FRA,JFK,1,0,1,communication_tour_controle,1,3,1.0,1,185.5499656228469,1
2025-04-27,10:00,Delta,CDG,AMS,1,0,1,communication_tour_controle,1,3,1.0,1,170.37808049868866,1
2025-04-27,22:30,Iberia,MAD,CDG,1,0,1,systeme_informatique,1,3,1.0,1,249.93693244695328,1
2025-04-27,11:00,Swiss,CDG,MUC,1,170,0,systeme_informatique,1,3,1.0,1,181.15841842537262,1
2025-04-27,17:15,Iberia,FRA,LHR,1,0,1,systeme_informatique,1,3,1.0,1,184.5895585628073,1
2025-04-27,07:30,Ryanair,JFK,CPH,1,181,0,communication_tour_controle,1,3,1.0,1,228.5010196080344,1
2025-04-27,05:00,AirFrance,FRA,DXB,1,0,1,communication_tour_controle,1,3,1.0,1,186.06282098239961,1
2025-04-27,15:00,Lufthansa,JFK,MAD,1,234,0,communication_tour_controle,1,3,1.0,1,209.80897803545216,1
2025-04-27,08:30,AirFrance,CDG,LAX,1,0,1,systeme_informatique,1,3,1.0,1,181.87013489603643,1
2025-04-27,13:00,British,LHR,FCO,1,201,0,systeme_informatique,1,3,1.0,0,203.90099062376532,1
2025-04-27,13:00,Ryanair,FRA,LIS,1,247,0,communication_tour_controle,1,3,1.0,1,223.63099060393256,1
2025-04-27,21:45,Delta,JFK,IST,1,238,0,systeme_informatique,1,3,1.0,1,192.89058461875157,1
2025-04-27,18:45,Ryanair,IST,MUC,1,0,1,communication_tour_controle,1,3,1.0,1,207.50590952367435,1
2025-04-28,08:15,Delta,FCO,MUC,1,66,0,inconnu,2,2,1.0,0,126.95172517477357,1
2025-04-28,12:15,Emirates,AMS,CDG,1,0,1,inconnu,2,2,1.0,0,140.09169008099354,1
2025-04-28,08:45,AirFrance,JFK,LAX,1,81,0,systeme_informatique,2,2,1.0,0,120.21941515866351,1
2025-04-28,05:15,Iberia,CDG,CPH,1,118,0,systeme_informatique,2,2,1.0,0,128.8730314403937,1
2025-04-28,08:00,KLM,CDG,ATH,1,144,0,systeme_informatique,2,2,1.0,0,145.64417975907537,1
2025-04-28,13:00,Swiss,JFK,SIN,1,107,0,inconnu,2,2,1.0,0,109.8650674754662,1
2025-04-28,09:00,Lufthansa,FCO,AMS,1,128,0,inconnu,2,2,1.0,0,130.70663199432397,1
2025-04-28,21:00,Lufthansa,IST,LHR,1,93,0,systeme_informatique,2,2,1.0,0,120.38928298445276,1
2025-04-28,10:00,Iberia,AMS,CPH,1,125,0,systeme_informatique,2,2,1.0,0,123.77853336324102,1
2025-04-28,19:30,Iberia,CDG,VIE,1,0,1,systeme_informatique,2,2,1.0,0,128.8730314403937,1
2025-04-28,13:00,KLM,FCO,BCN,1,120,0,systeme_informatique,2,2,1.0,0,145.5493956671643,1
2025-04-28,11:45,Ryanair,JFK,ORD,1,136,0,systeme_informatique,2,2,1.0,0,125.95597341023169,1
2025-04-28,10:45,Ryanair,FRA,ATH,1,136,0,systeme_informatique,2,2,1.0,0,128.66676763195667,1
2025-04-28,19:45,Ryanair,FCO,MAD,1,0,1,inconnu,2,2,1.0,0,126.79624183756412,1
2025-04-28,12:00,Turkish,JFK,LIS,1,0,1,inconnu,2,2,1.0,0,115.91846746912086,1
2025-04-28,06:45,Swiss,LHR,ATH,1,122,0,systeme_informatique,2,2,1.0,0,118.48757721544837,1
2025-04-28,15:45,British,JFK,CDG,1,134,0,inconnu,2,2,1.0,0,115.40413362518099,1
2025-04-28,10:30,AirFrance,BRU,CDG,1,149,0,inconnu,2,2,1.0,0,115.90737081451647,1
2025-04-28,17:15,Turkish,BRU,CDG,1,63,0,inconnu,2,2,1.0,0,110.93396158651228,1
2025-04-28,09:00,Iberia,CDG,ZRH,1,131,0,inconnu,2,2,1.0,0,128.8730314403937,1
2025-04-28,09:15,British,BRU,LAX,1,140,0,systeme_informatique,2,2,1.0,0,116.68228318088359,1
2025-04-28,05:15,Turkish,IST,LHR,1,128,0,systeme_informatique,2,2,1.0,0,114.47179619687613,1
2025-04-28,06:45,Emirates,FRA,DXB,1,0,1,inconnu,2,2,1.0,0,175.19968849364201,1
2025-04-28,07:45,AirFrance,BRU,FCO,1,71,0,systeme_informatique,2,2,1.0,0,115.90737081451647,1
2025-04-28,08:15,British,BRU,IST,1,86,0,systeme_informatique,2,2,1.0,0,116.68228318088359,1
2025-04-28,12:15,Iberia,MAD,AMS,1,0,1,systeme_informatique,2,2,1.0,0,117.38456100423184,1
2025-04-28,06:30,British,IST,CPH,1,72,0,systeme_informatique,2,2,1.0,0,109.38520056472444,1
2025-04-28,10:30,Turkish,FRA,JFK,1,78,0,systeme_informatique,2,2,1.0,0,114.92330238120645,1
2025-04-28,18:30,AirFrance,LHR,ORD,1,0,1,inconnu,2,2,1.0,0,133.63263107852387,1
2025-04-28,17:00,Iberia,FCO,BRU,1,0,1,inconnu,2,2,1.0,1,122.80242104832588,1
2025-04-28,22:00,Swiss,IST,AMS,1,111,0,systeme_informatique,2,2,1.0,0,106.17073262116115,1
2025-04-28,08:30,Lufthansa,FCO,ORD,1,112,0,systeme_informatique,2,2,1.0,0,130.70663199432397,1
2025-04-28,12:30,Ryanair,DXB,LHR,1,140,0,inconnu,2,2,1.0,0,137.5715802137539,1
2025-04-28,22:45,Ryanair,IST,LAX,1,149,0,inconnu,2,2,1.0,0,123.71163034311516,1
2025-04-29,22:45,Turkish,IST,LHR,1,56,0,inconnu,2,1,1.0,0,48.933126994998894,0
2025-04-29,15:30,Ryanair,FRA,MUC,1,23,0,inconnu,2,1,1.0,0,34.2273048802918,0
2025-04-29,10:00,Iberia,AMS,LAX,1,44,0,inconnu,2,1,1.0,0,44.921952409392205,0
2025-04-29,16:00,Lufthansa,FCO,BRU,1,47,0,inconnu,2,1,1.0,0,44.26172133611765,0
2025-04-29,12:45,Delta,MAD,BCN,1,35,0,inconnu,2,1,1.0,0,43.3034436276832,0
2025-04-29,08:30,British,AMS,FCO,1,44,0,inconnu,2,1,1.0,0,43.12329090178591,0
2025-04-29,05:30,Emirates,FRA,GVA,1,57,0,inconnu,2,1,1.0,0,40.756932608113054,0
2025-04-29,14:45,KLM,FRA,CPH,1,59,0,aucune,2,1,1.0,0,47.03938147367481,0
2025-04-29,18:00,British,MAD,ORD,1,0,1,aucune,2,1,1.0,0,42.6096769360415,0
2025-04-29,15:45,British,FCO,JFK,1,41,0,inconnu,2,1,1.0,0,43.093290901785906,0
2025-04-29,19:30,British,LHR,IST,1,52,0,inconnu,2,1,1.0,0,45.109267083035746,0
2025-04-29,18:15,Delta,AMS,ORD,1,45,0,inconnu,2,1,1.0,0,44.26172133611765,0
2025-04-29,10:45,British,FRA,MAD,1,26,0,aucune,2,1,1.0,0,42.10104211548449,0
2025-04-29,16:15,AirFrance,CDG,LHR,1,30,0,inconnu,2,1,1.0,0,28.46825909060877,0
2025-04-29,10:15,Turkish,DXB,JFK,1,47,0,aucune,2,1,1.0,0,46.00277930177938,0
2025-04-29,20:30,KLM,DXB,MUC,1,0,1,inconnu,2,1,1.0,0,46.970624187482755,0
2025-04-29,08:00,Emirates,FRA,BRU,1,25,0,aucune,2,1,1.0,0,40.756932608113054,0
2025-04-29,22:45,AirFrance,CDG,VIE,1,20,0,aucune,2,1,1.0,0,28.46825909060877,0
2025-04-29,20:45,Swiss,DXB,IST,1,25,0,aucune,2,1,1.0,0,36.850216345652996,0
2025-04-29,19:00,Turkish,FCO,ATH,1,46,0,inconnu,2,1,1.0,0,45.84443400672355,0
2025-04-29,18:00,Emirates,JFK,ATH,1,23,0,aucune,2,1,1.0,0,33.352723068503934,0
2025-04-29,12:45,British,LHR,CDG,1,42,0,aucune,2,1,1.0,0,45.109267083035746,0
2025-04-29,22:00,Iberia,IST,DXB,1,60,0,aucune,2,1,1.0,0,48.37566676518891,0
2025-04-29,21:15,Turkish,DXB,BRU,1,55,0,inconnu,2,1,1.0,0,46.00277930177938,0
2025-04-29,21:30,Turkish,AMS,ORD,1,0,1,aucune,2,1,1.0,0,46.26526734005689,0
2025-04-29,13:30,British,FRA,CDG,1,41,0,inconnu,2,1,1.0,0,42.10104211548449,0
2025-04-29,07:00,Emirates,LHR,ZRH,1,48,0,aucune,2,1,1.0,0,44.20786602571101,0
2025-04-29,07:45,Iberia,MAD,SIN,1,35,0,inconnu,2,1,1.0,0,43.96367470095775,0
2025-04-29,20:15,AirFrance,LHR,VIE,1,54,0,inconnu,2,1,1.0,0,46.37769751736749,0
2025-04-29,07:45,British,CDG,VIE,1,23,0,inconnu,2,1,1.0,0,27.282020311843667,0
2025-04-29,17:15,AirFrance,FRA,MUC,1,60,0,aucune,2,1,1.0,0,43.70494874029242,0
2025-04-29,12:30,Swiss,IST,ZRH,1,37,0,inconnu,2,1,1.0,0,40.508839792358785,0
2025-04-30,15:15,Turkish,CDG,MAD,1,3,0,aucune,2,0,1.0,0,6.235418286994429,0
2025-04-30,17:45,Iberia,IST,MUC,1,16,0,aucune,2,0,1.0,0,11.656960649166862,0
2025-04-30,18:30,Emirates,FRA,LAX,1,8,0,aucune,2,0,1.0,0,7.322627685294503,0
2025-04-30,16:30,Turkish,MAD,FCO,1,17,0,aucune,2,0,1.0,0,11.794938890559367,0
2025-04-30,22:30,Lufthansa,FCO,SIN,1,14,0,aucune,2,0,1.0,0,9.995850627621428,0
2025-04-30,22:00,AirFrance,AMS,LAX,1,3,0,aucune,2,0,1.0,0,8.357134330419592,0
2025-04-30,19:30,Swiss,MAD,LIS,1,18,0,aucune,2,0,1.0,0,13.996454818580055,0
2025-04-30,21:15,Ryanair,CDG,ORD,1,10,0,aucune,2,0,1.0,0,6.899262445571297,0
2025-04-30,09:45,Lufthansa,FRA,CDG,1,4,0,aucune,2,0,1.0,0,7.481421545148452,0
2025-04-30,12:00,Lufthansa,BRU,VIE,1,12,0,aucune,2,0,1.0,0,7.6093698961001595,0
2025-04-30,10:30,Emirates,LHR,VIE,1,7,0,aucune,2,0,1.0,0,7.483829403037833,0
2025-04-30,10:15,Delta,BRU,ZRH,1,4,0,aucune,2,0,1.0,0,8.547582676671695,0
2025-04-30,22:45,AirFrance,MAD,IST,1,18,0,aucune,2,0,1.0,0,12.015616692661773,0
2025-04-30,10:00,Ryanair,IST,SIN,1,5,0,aucune,2,0,1.0,0,10.027088193606726,0
2025-04-30,06:00,AirFrance,DXB,SIN,1,5,0,aucune,2,0,1.0,0,8.226918834657539,0
2025-04-30,05:00,Swiss,MAD,JFK,1,13,0,aucune,2,0,1.0,0,13.996454818580055,0
2025-04-30,06:00,Swiss,BRU,VIE,1,15,0,aucune,2,0,1.0,0,12.260748191723115,0
2025-04-30,08:00,Swiss,JFK,ORD,1,6,0,aucune,2,0,1.0,0,9.461081574171393,0
2025-04-30,07:30,AirFrance,LHR,VIE,1,9,0,aucune,2,0,1.0,0,8.297223937478238,0
2025-04-30,12:00,Ryanair,IST,MAD,1,15,0,aucune,2,0,1.0,0,10.027088193606726,0
2025-04-30,22:15,Delta,AMS,MUC,1,13,0,aucune,2,0,1.0,0,8.40616877582457,0
2025-04-30,15:00,AirFrance,CDG,IST,1,0,0,aucune,2,0,1.0,0,6.3812792622668155,0
2025-04-30,17:15,AirFrance,AMS,ORD,1,10,0,aucune,2,0,1.0,0,8.357134330419592,0
2025-04-30,17:45,Lufthansa,AMS,MAD,1,1,0,aucune,2,0,1.0,0,7.602147905752175,0
2025-04-30,17:45,Turkish,JFK,FCO,1,0,0,aucune,2,0,1.0,0,6.393278162661499,0
2025-04-30,17:30,Turkish,JFK,FCO,1,7,0,aucune,2,0,1.0,0,6.393278162661499,0
2025-04-30,05:45,Swiss,AMS,ZRH,1,12,0,aucune,2,0,1.0,0,11.7686266827095,0
2025-04-30,13:45,AirFrance,IST,AMS,1,11,0,aucune,2,0,1.0,0,10.193263056279257,0
2025-04-30,11:45,KLM,IST,SIN,1,9,0,aucune,2,0,1.0,0,9.75724683931368,0
2025-04-30,17:45,Emirates,MAD,JFK,1,0,0,aucune,2,0,1.0,0,8.494072077233211,0
2025-04-30,22:45,Swiss,IST,CPH,1,18,0,aucune,2,0,1.0,0,13.90740582567834,0
2025-04-30,21:45,Ryanair,JFK,BCN,1,0,0,aucune,2,0,1.0,0,6.152191145144855,0
