date,heure,indice,valeur,variation_pct,volume_echanges_M,aviation_perturbee,volatilite,sentiment_marche,ml_alert,niveau_crise
2025-04-01,08:00,CAC40,7496.13,-0.04,9.7,0,medium,positif,0,0
2025-04-01,09:00,CAC40,7495.39,-0.05,11.2,0,medium,positif,0,0
2025-04-01,10:00,CAC40,7491.34,-0.11,7.1,0,medium,positif,0,0
2025-04-01,11:00,CAC40,7487.23,-0.16,9.6,0,medium,positif,0,0
2025-04-01,12:00,CAC40,7488.84,-0.14,12.9,0,medium,positif,0,0
2025-04-01,13:00,CAC40,7484.0,-0.2,12.8,0,medium,positif,0,0
2025-04-01,14:00,CAC40,7481.51,-0.24,10.4,0,medium,positif,0,0
2025-04-01,15:00,CAC40,7481.15,-0.24,9.3,0,medium,positif,0,0
2025-04-01,16:00,CAC40,7473.89,-0.34,7.5,0,medium,positif,0,0
2025-04-01,17:00,CAC40,7475.03,-0.32,11.6,0,medium,positif,0,0
2025-04-01,18:00,CAC40,7472.98,-0.35,10.4,0,medium,positif,0,0
2025-04-01,19:00,CAC40,7469.65,-0.4,12.6,0,medium,positif,0,0
2025-04-01,08:00,DAX,17995.19,0.0,12.8,0,medium,positif,0,0
2025-04-01,09:00,DAX,18000.68,0.03,9.9,0,medium,positif,0,0
2025-04-01,10:00,DAX,18016.36,0.12,7.5,0,medium,positif,0,0
2025-04-01,11:00,DAX,18037.15,0.23,9.9,0,medium,positif,0,0
2025-04-01,12:00,DAX,18043.18,0.27,8.1,0,medium,positif,0,0
2025-04-01,13:00,DAX,18050.15,0.31,10.3,0,medium,positif,0,0
2025-04-01,14:00,DAX,18075.72,0.45,10.9,0,medium,positif,0,0
2025-04-01,15:00,DAX,18076.54,0.45,7.6,0,medium,positif,0,0
2025-04-01,16:00,DAX,18099.32,0.58,9.4,0,medium,positif,0,0
2025-04-01,17:00,DAX,18101.54,0.59,8.6,0,medium,positif,0,0
2025-04-01,18:00,DAX,18114.55,0.66,10.6,0,medium,positif,0,0
2025-04-01,19:00,DAX,18132.78,0.77,10.1,0,medium,positif,0,0
2025-04-01,08:00,S&P500,5196.44,0.02,13.0,0,medium,positif,0,0
2025-04-01,09:00,S&P500,5194.28,-0.02,11.3,0,medium,positif,0,0
2025-04-01,10:00,S&P500,5188.52,-0.13,12.5,0,medium,positif,0,0
2025-04-01,11:00,S&P500,5184.08,-0.22,10.3,0,medium,positif,0,0
2025-04-01,12:00,S&P500,5184.0,-0.22,9.2,0,medium,positif,0,0
2025-04-01,13:00,S&P500,5181.72,-0.26,7.3,0,medium,positif,0,0
2025-04-01,14:00,S&P500,5176.57,-0.36,10.0,0,medium,positif,0,0
2025-04-01,15:00,S&P500,5171.25,-0.46,10.5,0,medium,positif,0,0
2025-04-01,16:00,S&P500,5168.82,-0.51,12.2,0,medium,positif,0,0
2025-04-01,17:00,S&P500,5167.67,-0.53,7.0,0,medium,positif,0,0
2025-04-01,18:00,S&P500,5164.99,-0.58,12.6,0,medium,positif,0,0
2025-04-01,19:00,S&P500,5159.19,-0.7,10.8,0,medium,positif,0,0
2025-04-01,08:00,DJIA,39009.76,-0.02,8.7,0,medium,positif,0,0
2025-04-01,09:00,DJIA,38985.67,-0.08,8.0,0,medium,positif,0,0
2025-04-01,10:00,DJIA,39003.09,-0.03,8.7,0,medium,positif,0,0
2025-04-01,11:00,DJIA,38991.74,-0.06,13.0,0,medium,positif,0,0
2025-04-01,12:00,DJIA,38964.84,-0.13,12.5,0,medium,positif,0,0
2025-04-01,13:00,DJIA,38956.25,-0.15,12.3,0,medium,positif,0,0
2025-04-01,14:00,DJIA,38954.15,-0.16,8.7,0,medium,positif,0,0
2025-04-01,15:00,DJIA,38909.08,-0.27,9.9,0,medium,positif,0,0
2025-04-01,16:00,DJIA,38919.44,-0.25,12.5,0,medium,positif,0,0
2025-04-01,17:00,DJIA,38901.36,-0.29,8.0,0,medium,positif,0,0
2025-04-01,18:00,DJIA,38878.62,-0.35,9.7,0,medium,positif,0,0
2025-04-01,19:00,DJIA,38859.12,-0.4,13.0,0,medium,positif,0,0
2025-04-02,08:00,CAC40,7470.24,0.04,11.6,0,low,positif,0,0
2025-04-02,09:00,CAC40,7470.69,0.05,7.4,0,low,positif,0,0
2025-04-02,10:00,CAC40,7483.86,0.23,12.7,0,low,positif,0,0
2025-04-02,11:00,CAC40,7490.13,0.31,11.5,0,low,positif,0,0
2025-04-02,12:00,CAC40,7493.14,0.35,7.7,0,low,positif,0,0
2025-04-02,13:00,CAC40,7502.83,0.48,7.0,0,low,positif,0,0
2025-04-02,14:00,CAC40,7508.73,0.56,9.8,0,low,positif,0,0
2025-04-02,15:00,CAC40,7520.78,0.72,12.9,0,low,positif,0,0
2025-04-02,16:00,CAC40,7527.01,0.8,8.9,0,low,positif,0,0
2025-04-02,17:00,CAC40,7532.65,0.88,11.5,0,low,positif,0,0
2025-04-02,18:00,CAC40,7537.14,0.94,9.2,0,low,positif,0,0
2025-04-02,19:00,CAC40,7551.24,1.13,12.2,0,low,positif,0,0
2025-04-02,08:00,DAX,18138.21,-0.04,7.3,0,low,positif,0,0
2025-04-02,09:00,DAX,18145.47,0.0,11.9,0,low,positif,0,0
2025-04-02,10:00,DAX,18149.19,0.02,11.1,0,low,positif,0,0
2025-04-02,11:00,DAX,18139.84,-0.03,9.9,0,low,positif,0,0
2025-04-02,12:00,DAX,18157.53,0.07,12.0,0,low,positif,0,0
2025-04-02,13:00,DAX,18154.29,0.05,12.3,0,low,positif,0,0
2025-04-02,14:00,DAX,18154.19,0.05,8.9,0,low,positif,0,0
2025-04-02,15:00,DAX,18158.02,0.07,11.2,0,low,positif,0,0
2025-04-02,16:00,DAX,18150.57,0.03,10.9,0,low,positif,0,0
2025-04-02,17:00,DAX,18162.26,0.1,10.1,0,low,positif,0,0
2025-04-02,18:00,DAX,18156.63,0.07,10.3,0,low,positif,0,0
2025-04-02,19:00,DAX,18154.34,0.05,12.1,0,low,positif,0,0
2025-04-02,08:00,S&P500,5161.37,-0.02,9.8,0,low,positif,0,0
2025-04-02,09:00,S&P500,5160.01,-0.05,12.0,0,low,positif,0,0
2025-04-02,10:00,S&P500,5159.34,-0.06,10.7,0,low,positif,0,0
2025-04-02,11:00,S&P500,5162.09,-0.01,12.6,0,low,positif,0,0
2025-04-02,12:00,S&P500,5162.89,0.01,8.2,0,low,positif,0,0
2025-04-02,13:00,S&P500,5158.93,-0.07,10.2,0,low,positif,0,0
2025-04-02,14:00,S&P500,5157.91,-0.09,11.6,0,low,positif,0,0
2025-04-02,15:00,S&P500,5160.28,-0.04,7.2,0,low,positif,0,0
2025-04-02,16:00,S&P500,5157.48,-0.1,7.9,0,low,positif,0,0
2025-04-02,17:00,S&P500,5159.25,-0.06,11.0,0,low,positif,0,0
2025-04-02,18:00,S&P500,5156.81,-0.11,11.1,0,low,positif,0,0
2025-04-02,19:00,S&P500,5154.56,-0.15,12.4,0,low,positif,0,0
2025-04-02,08:00,DJIA,38916.09,0.03,9.2,0,low,positif,0,0
2025-04-02,09:00,DJIA,38882.09,-0.06,11.6,0,low,positif,0,0
2025-04-02,10:00,DJIA,38890.97,-0.04,9.0,0,low,positif,0,0
2025-04-02,11:00,DJIA,38881.45,-0.06,9.5,0,low,positif,0,0
2025-04-02,12:00,DJIA,38834.87,-0.18,12.2,0,low,positif,0,0
2025-04-02,13:00,DJIA,38857.4,-0.12,9.6,0,low,positif,0,0
2025-04-02,14:00,DJIA,38835.11,-0.18,9.7,0,low,positif,0,0
2025-04-02,15:00,DJIA,38815.8,-0.23,8.3,0,low,positif,0,0
2025-04-02,16:00,DJIA,38807.63,-0.25,8.5,0,low,positif,0,0
2025-04-02,17:00,DJIA,38778.16,-0.33,10.3,0,low,positif,0,0
2025-04-02,18:00,DJIA,38760.9,-0.37,8.8,0,low,positif,0,0
2025-04-02,19:00,DJIA,38746.98,-0.41,11.8,0,low,positif,0,0
2025-04-03,08:00,CAC40,7547.98,0.04,10.2,0,low,neutre,0,0
2025-04-03,09:00,CAC40,7551.38,0.09,7.3,0,low,neutre,0,0
2025-04-03,10:00,CAC40,7562.85,0.24,12.6,0,low,neutre,0,0
2025-04-03,11:00,CAC40,7569.81,0.33,9.4,0,low,neutre,0,0
2025-04-03,12:00,CAC40,7575.69,0.41,9.0,0,low,neutre,0,0
2025-04-03,13:00,CAC40,7580.71,0.48,12.8,0,low,neutre,0,0
2025-04-03,14:00,CAC40,7589.12,0.59,10.4,0,low,neutre,0,0
2025-04-03,15:00,CAC40,7601.22,0.75,7.1,0,low,neutre,0,0
2025-04-03,16:00,CAC40,7603.79,0.78,12.6,0,low,neutre,0,0
2025-04-03,17:00,CAC40,7618.14,0.97,8.9,0,low,neutre,0,0
2025-04-03,18:00,CAC40,7619.46,0.99,10.8,0,low,neutre,0,0
2025-04-03,19:00,CAC40,7629.28,1.12,7.2,0,low,neutre,0,0
2025-04-03,08:00,DAX,18140.24,-0.03,12.7,0,low,neutre,0,0
2025-04-03,09:00,DAX,18173.55,0.16,9.8,0,low,neutre,0,0
2025-04-03,10:00,DAX,18184.14,0.22,9.3,0,low,neutre,0,0
2025-04-03,11:00,DAX,18205.31,0.33,11.1,0,low,neutre,0,0
2025-04-03,12:00,DAX,18216.45,0.39,11.8,0,low,neutre,0,0
2025-04-03,13:00,DAX,18246.12,0.56,9.7,0,low,neutre,0,0
2025-04-03,14:00,DAX,18259.87,0.63,11.1,0,low,neutre,0,0
2025-04-03,15:00,DAX,18275.49,0.72,10.8,0,low,neutre,0,0
2025-04-03,16:00,DAX,18299.11,0.85,10.7,0,low,neutre,0,0
2025-04-03,17:00,DAX,18327.89,1.01,8.9,0,low,neutre,0,0
2025-04-03,18:00,DAX,18347.37,1.11,8.6,0,low,neutre,0,0
2025-04-03,19:00,DAX,18367.21,1.22,11.1,0,low,neutre,0,0
2025-04-03,08:00,S&P500,5161.7,0.02,8.1,0,low,neutre,0,0
2025-04-03,09:00,S&P500,5168.52,0.15,11.7,0,low,neutre,0,0
2025-04-03,10:00,S&P500,5174.13,0.26,9.1,0,low,neutre,0,0
2025-04-03,11:00,S&P500,5180.06,0.37,7.1,0,low,neutre,0,0
2025-04-03,12:00,S&P500,5185.15,0.47,11.6,0,low,neutre,0,0
2025-04-03,13:00,S&P500,5189.93,0.56,7.3,0,low,neutre,0,0
2025-04-03,14:00,S&P500,5193.58,0.63,9.0,0,low,neutre,0,0
2025-04-03,15:00,S&P500,5202.0,0.8,12.6,0,low,neutre,0,0
2025-04-03,16:00,S&P500,5207.84,0.91,9.1,0,low,neutre,0,0
2025-04-03,17:00,S&P500,5212.89,1.01,11.1,0,low,neutre,0,0
2025-04-03,18:00,S&P500,5217.42,1.1,9.6,0,low,neutre,0,0
2025-04-03,19:00,S&P500,5224.6,1.24,9.0,0,low,neutre,0,0
2025-04-03,08:00,DJIA,38737.15,0.03,7.6,0,low,neutre,0,0
2025-04-03,09:00,DJIA,38724.66,0.0,8.1,0,low,neutre,0,0
2025-04-03,10:00,DJIA,38715.19,-0.02,10.6,0,low,neutre,0,0
2025-04-03,11:00,DJIA,38714.78,-0.02,9.1,0,low,neutre,0,0
2025-04-03,12:00,DJIA,38744.32,0.05,11.0,0,low,neutre,0,0
2025-04-03,13:00,DJIA,38743.16,0.05,12.5,0,low,neutre,0,0
2025-04-03,14:00,DJIA,38746.71,0.06,12.0,0,low,neutre,0,0
2025-04-03,15:00,DJIA,38725.45,0.0,12.9,0,low,neutre,0,0
2025-04-03,16:00,DJIA,38737.41,0.03,11.1,0,low,neutre,0,0
2025-04-03,17:00,DJIA,38737.31,0.03,8.8,0,low,neutre,0,0
2025-04-03,18:00,DJIA,38759.55,0.09,8.2,0,low,neutre,0,0
2025-04-03,19:00,DJIA,38769.04,0.12,7.7,0,low,neutre,0,0
2025-04-04,08:00,CAC40,7621.39,-0.03,7.3,0,low,positif,0,0
2025-04-04,09:00,CAC40,7620.62,-0.04,12.8,0,low,positif,0,0
2025-04-04,10:00,CAC40,7614.33,-0.12,7.4,0,low,positif,0,0
2025-04-04,11:00,CAC40,7610.65,-0.17,10.7,0,low,positif,0,0
2025-04-04,12:00,CAC40,7605.28,-0.24,8.3,0,low,positif,0,0
2025-04-04,13:00,CAC40,7605.76,-0.23,12.3,0,low,positif,0,0
2025-04-04,14:00,CAC40,7601.68,-0.29,8.0,0,low,positif,0,0
2025-04-04,15:00,CAC40,7597.34,-0.34,9.1,0,low,positif,0,0
2025-04-04,16:00,CAC40,7595.1,-0.37,12.5,0,low,positif,0,0
2025-04-04,17:00,CAC40,7590.81,-0.43,9.0,0,low,positif,0,0
2025-04-04,18:00,CAC40,7582.13,-0.54,9.3,0,low,positif,0,0
2025-04-04,19:00,CAC40,7578.24,-0.59,9.4,0,low,positif,0,0
2025-04-04,08:00,DAX,18366.45,-0.05,7.1,0,low,positif,0,0
2025-04-04,09:00,DAX,18379.61,0.02,12.7,0,low,positif,0,0
2025-04-04,10:00,DAX,18388.72,0.07,10.3,0,low,positif,0,0
2025-04-04,11:00,DAX,18376.28,0.0,9.3,0,low,positif,0,0
2025-04-04,12:00,DAX,18385.9,0.06,8.6,0,low,positif,0,0
2025-04-04,13:00,DAX,18395.03,0.11,12.4,0,low,positif,0,0
2025-04-04,14:00,DAX,18401.94,0.14,10.0,0,low,positif,0,0
2025-04-04,15:00,DAX,18399.3,0.13,7.8,0,low,positif,0,0
2025-04-04,16:00,DAX,18405.79,0.17,8.3,0,low,positif,0,0
2025-04-04,17:00,DAX,18395.91,0.11,12.1,0,low,positif,0,0
2025-04-04,18:00,DAX,18400.89,0.14,11.2,0,low,positif,0,0
2025-04-04,19:00,DAX,18416.28,0.22,12.2,0,low,positif,0,0
2025-04-04,08:00,S&P500,5221.24,-0.0,11.6,0,low,positif,0,0
2025-04-04,09:00,S&P500,5219.67,-0.03,9.0,0,low,positif,0,0
2025-04-04,10:00,S&P500,5211.69,-0.19,8.0,0,low,positif,0,0
2025-04-04,11:00,S&P500,5209.86,-0.22,7.1,0,low,positif,0,0
2025-04-04,12:00,S&P500,5207.01,-0.28,12.9,0,low,positif,0,0
2025-04-04,13:00,S&P500,5202.47,-0.36,7.8,0,low,positif,0,0
2025-04-04,14:00,S&P500,5199.28,-0.42,8.7,0,low,positif,0,0
2025-04-04,15:00,S&P500,5196.03,-0.49,8.5,0,low,positif,0,0
2025-04-04,16:00,S&P500,5193.07,-0.54,10.8,0,low,positif,0,0
2025-04-04,17:00,S&P500,5189.88,-0.6,10.4,0,low,positif,0,0
2025-04-04,18:00,S&P500,5186.89,-0.66,8.3,0,low,positif,0,0
2025-04-04,19:00,S&P500,5180.37,-0.79,9.0,0,low,positif,0,0
2025-04-04,08:00,DJIA,38727.22,0.03,10.4,0,low,positif,0,0
2025-04-04,09:00,DJIA,38700.18,-0.04,12.4,0,low,positif,0,0
2025-04-04,10:00,DJIA,38686.31,-0.08,7.3,0,low,positif,0,0
2025-04-04,11:00,DJIA,38641.83,-0.19,10.8,0,low,positif,0,0
2025-04-04,12:00,DJIA,38648.06,-0.18,10.3,0,low,positif,0,0
2025-04-04,13:00,DJIA,38605.5,-0.29,8.5,0,low,positif,0,0
2025-04-04,14:00,DJIA,38568.56,-0.38,12.3,0,low,positif,0,0
2025-04-04,15:00,DJIA,38551.09,-0.43,9.3,0,low,positif,0,0
2025-04-04,16:00,DJIA,38542.31,-0.45,11.8,0,low,positif,0,0
2025-04-04,17:00,DJIA,38527.53,-0.49,7.0,0,low,positif,0,0
2025-04-04,18:00,DJIA,38516.92,-0.51,9.0,0,low,positif,0,0
2025-04-04,19:00,DJIA,38498.52,-0.56,12.5,0,low,positif,0,0
2025-04-07,08:00,CAC40,7588.74,-0.0,12.1,0,low,neutre,0,0
2025-04-07,09:00,CAC40,7594.01,0.06,7.5,0,low,neutre,0,0
2025-04-07,10:00,CAC40,7594.14,0.07,10.6,0,low,neutre,0,0
2025-04-07,11:00,CAC40,7595.01,0.08,8.0,0,low,neutre,0,0
2025-04-07,12:00,CAC40,7594.3,0.07,12.7,0,low,neutre,0,0
2025-04-07,13:00,CAC40,7597.93,0.12,11.0,0,low,neutre,0,0
2025-04-07,14:00,CAC40,7604.97,0.21,11.8,0,low,neutre,0,0
2025-04-07,15:00,CAC40,7607.14,0.24,7.8,0,low,neutre,0,0
2025-04-07,16:00,CAC40,7605.4,0.21,10.1,0,low,neutre,0,0
2025-04-07,17:00,CAC40,7605.34,0.21,9.8,0,low,neutre,0,0
2025-04-07,18:00,CAC40,7610.42,0.28,7.1,0,low,neutre,0,0
2025-04-07,19:00,CAC40,7613.59,0.32,7.0,0,low,neutre,0,0
2025-04-07,08:00,DAX,18389.42,-0.02,8.0,0,low,neutre,0,0
2025-04-07,09:00,DAX,18397.71,0.03,10.3,0,low,neutre,0,0
2025-04-07,10:00,DAX,18389.42,-0.02,9.6,0,low,neutre,0,0
2025-04-07,11:00,DAX,18405.2,0.07,7.6,0,low,neutre,0,0
2025-04-07,12:00,DAX,18403.72,0.06,11.4,0,low,neutre,0,0
2025-04-07,13:00,DAX,18393.74,0.01,9.1,0,low,neutre,0,0
2025-04-07,14:00,DAX,18408.84,0.09,11.7,0,low,neutre,0,0
2025-04-07,15:00,DAX,18403.2,0.06,12.5,0,low,neutre,0,0
2025-04-07,16:00,DAX,18408.39,0.09,11.1,0,low,neutre,0,0
2025-04-07,17:00,DAX,18407.0,0.08,9.6,0,low,neutre,0,0
2025-04-07,18:00,DAX,18412.32,0.11,10.0,0,low,neutre,0,0
2025-04-07,19:00,DAX,18403.49,0.06,9.2,0,low,neutre,0,0
2025-04-07,08:00,S&P500,5177.95,0.01,8.9,0,low,neutre,0,0
2025-04-07,09:00,S&P500,5180.2,0.05,11.1,0,low,neutre,0,0
2025-04-07,10:00,S&P500,5180.17,0.05,11.2,0,low,neutre,0,0
2025-04-07,11:00,S&P500,5179.63,0.04,10.3,0,low,neutre,0,0
2025-04-07,12:00,S&P500,5180.79,0.06,7.3,0,low,neutre,0,0
2025-04-07,13:00,S&P500,5187.11,0.19,9.0,0,low,neutre,0,0
2025-04-07,14:00,S&P500,5184.61,0.14,10.2,0,low,neutre,0,0
2025-04-07,15:00,S&P500,5188.99,0.22,10.6,0,low,neutre,0,0
2025-04-07,16:00,S&P500,5187.34,0.19,10.3,0,low,neutre,0,0
2025-04-07,17:00,S&P500,5189.58,0.23,12.7,0,low,neutre,0,0
2025-04-07,18:00,S&P500,5191.68,0.27,10.5,0,low,neutre,0,0
2025-04-07,19:00,S&P500,5195.12,0.34,11.8,0,low,neutre,0,0
2025-04-07,08:00,DJIA,38508.35,-0.02,7.3,0,low,neutre,0,0
2025-04-07,09:00,DJIA,38491.39,-0.06,10.1,0,low,neutre,0,0
2025-04-07,10:00,DJIA,38485.49,-0.08,11.5,0,low,neutre,0,0
2025-04-07,11:00,DJIA,38476.6,-0.1,7.3,0,low,neutre,0,0
2025-04-07,12:00,DJIA,38482.9,-0.08,10.7,0,low,neutre,0,0
2025-04-07,13:00,DJIA,38473.66,-0.11,10.8,0,low,neutre,0,0
2025-04-07,14:00,DJIA,38476.62,-0.1,8.4,0,low,neutre,0,0
2025-04-07,15:00,DJIA,38461.15,-0.14,7.9,0,low,neutre,0,0
2025-04-07,16:00,DJIA,38436.67,-0.21,8.7,0,low,neutre,0,0
2025-04-07,17:00,DJIA,38437.05,-0.2,8.7,0,low,neutre,0,0
2025-04-07,18:00,DJIA,38417.75,-0.25,7.8,0,low,neutre,0,0
2025-04-07,19:00,DJIA,38429.79,-0.22,10.1,0,low,neutre,0,0
2025-04-08,08:00,CAC40,7618.69,-0.01,10.6,0,low,positif,0,0
2025-04-08,09:00,CAC40,7617.74,-0.03,7.1,0,low,positif,0,0
2025-04-08,10:00,CAC40,7617.51,-0.03,10.8,0,low,positif,0,0
2025-04-08,11:00,CAC40,7616.94,-0.04,7.2,0,low,positif,0,0
2025-04-08,12:00,CAC40,7618.72,-0.01,7.3,0,low,positif,0,0
2025-04-08,13:00,CAC40,7624.58,0.06,11.2,0,low,positif,0,0
2025-04-08,14:00,CAC40,7619.4,-0.0,7.8,0,low,positif,0,0
2025-04-08,15:00,CAC40,7623.49,0.05,10.0,0,low,positif,0,0
2025-04-08,16:00,CAC40,7624.81,0.07,7.8,0,low,positif,0,0
2025-04-08,17:00,CAC40,7625.3,0.07,8.5,0,low,positif,0,0
2025-04-08,18:00,CAC40,7624.39,0.06,7.2,0,low,positif,0,0
2025-04-08,19:00,CAC40,7625.14,0.07,7.8,0,low,positif,0,0
2025-04-08,08:00,DAX,18394.4,-0.05,8.5,0,low,positif,0,0
2025-04-08,09:00,DAX,18386.91,-0.09,11.1,0,low,positif,0,0
2025-04-08,10:00,DAX,18388.21,-0.08,9.1,0,low,positif,0,0
2025-04-08,11:00,DAX,18377.37,-0.14,8.4,0,low,positif,0,0
2025-04-08,12:00,DAX,18367.76,-0.19,9.7,0,low,positif,0,0
2025-04-08,13:00,DAX,18348.82,-0.29,12.4,0,low,positif,0,0
2025-04-08,14:00,DAX,18333.78,-0.37,10.2,0,low,positif,0,0
2025-04-08,15:00,DAX,18324.19,-0.43,7.4,0,low,positif,0,0
2025-04-08,16:00,DAX,18311.93,-0.49,8.0,0,low,positif,0,0
2025-04-08,17:00,DAX,18312.26,-0.49,9.5,0,low,positif,0,0
2025-04-08,18:00,DAX,18307.26,-0.52,11.1,0,low,positif,0,0
2025-04-08,19:00,DAX,18294.41,-0.59,9.8,0,low,positif,0,0
2025-04-08,08:00,S&P500,5196.04,0.04,8.0,0,low,positif,0,0
2025-04-08,09:00,S&P500,5195.26,0.02,10.2,0,low,positif,0,0
2025-04-08,10:00,S&P500,5191.78,-0.05,11.7,0,low,positif,0,0
2025-04-08,11:00,S&P500,5192.32,-0.04,12.1,0,low,positif,0,0
2025-04-08,12:00,S&P500,5194.6,0.01,11.9,0,low,positif,0,0
2025-04-08,13:00,S&P500,5190.88,-0.06,9.3,0,low,positif,0,0
2025-04-08,14:00,S&P500,5191.17,-0.06,10.4,0,low,positif,0,0
2025-04-08,15:00,S&P500,5194.28,0.0,8.2,0,low,positif,0,0
2025-04-08,16:00,S&P500,5190.53,-0.07,9.9,0,low,positif,0,0
2025-04-08,17:00,S&P500,5192.31,-0.04,9.2,0,low,positif,0,0
2025-04-08,18:00,S&P500,5192.39,-0.03,9.2,0,low,positif,0,0
2025-04-08,19:00,S&P500,5193.66,-0.01,12.0,0,low,positif,0,0
2025-04-08,08:00,DJIA,38426.89,0.03,12.3,0,low,positif,0,0
2025-04-08,09:00,DJIA,38448.11,0.08,11.2,0,low,positif,0,0
2025-04-08,10:00,DJIA,38504.56,0.23,7.5,0,low,positif,0,0
2025-04-08,11:00,DJIA,38523.95,0.28,9.4,0,low,positif,0,0
2025-04-08,12:00,DJIA,38553.61,0.36,8.8,0,low,positif,0,0
2025-04-08,13:00,DJIA,38586.18,0.44,11.6,0,low,positif,0,0
2025-04-08,14:00,DJIA,38620.39,0.53,10.9,0,low,positif,0,0
2025-04-08,15:00,DJIA,38662.99,0.64,9.6,0,low,positif,0,0
2025-04-08,16:00,DJIA,38719.12,0.79,11.1,0,low,positif,0,0
2025-04-08,17:00,DJIA,38740.16,0.84,8.1,0,low,positif,0,0
2025-04-08,18:00,DJIA,38761.0,0.9,9.5,0,low,positif,0,0
2025-04-08,19:00,DJIA,38788.14,0.97,10.9,0,low,positif,0,0
2025-04-09,08:00,CAC40,7614.86,-0.03,7.8,0,low,positif,0,0
2025-04-09,09:00,CAC40,7621.03,0.05,7.7,0,low,positif,0,0
2025-04-09,10:00,CAC40,7617.31,-0.0,7.9,0,low,positif,0,0
2025-04-09,11:00,CAC40,7617.45,0.0,9.5,0,low,positif,0,0
2025-04-09,12:00,CAC40,7617.59,0.0,12.0,0,low,positif,0,0
2025-04-09,13:00,CAC40,7619.9,0.03,10.9,0,low,positif,0,0
2025-04-09,14:00,CAC40,7623.33,0.08,8.6,0,low,positif,0,0
2025-04-09,15:00,CAC40,7619.92,0.03,11.1,0,low,positif,0,0
2025-04-09,16:00,CAC40,7625.99,0.11,10.8,0,low,positif,0,0
2025-04-09,17:00,CAC40,7627.53,0.13,10.2,0,low,positif,0,0
2025-04-09,18:00,CAC40,7624.75,0.1,12.9,0,low,positif,0,0
2025-04-09,19:00,CAC40,7628.98,0.15,10.7,0,low,positif,0,0
2025-04-09,08:00,DAX,18299.24,-0.04,8.4,0,low,positif,0,0
2025-04-09,09:00,DAX,18313.55,0.04,11.9,0,low,positif,0,0
2025-04-09,10:00,DAX,18320.71,0.08,10.6,0,low,positif,0,0
2025-04-09,11:00,DAX,18342.97,0.2,8.6,0,low,positif,0,0
2025-04-09,12:00,DAX,18345.47,0.22,9.0,0,low,positif,0,0
2025-04-09,13:00,DAX,18357.48,0.28,7.8,0,low,positif,0,0
2025-04-09,14:00,DAX,18382.09,0.42,12.9,0,low,positif,0,0
2025-04-09,15:00,DAX,18393.07,0.48,12.8,0,low,positif,0,0
2025-04-09,16:00,DAX,18390.46,0.46,9.2,0,low,positif,0,0
2025-04-09,17:00,DAX,18399.41,0.51,10.2,0,low,positif,0,0
2025-04-09,18:00,DAX,18413.78,0.59,8.6,0,low,positif,0,0
2025-04-09,19:00,DAX,18424.68,0.65,11.9,0,low,positif,0,0
2025-04-09,08:00,S&P500,5187.01,-0.04,12.0,0,low,positif,0,0
2025-04-09,09:00,S&P500,5194.87,0.11,10.2,0,low,positif,0,0
2025-04-09,10:00,S&P500,5196.43,0.14,9.2,0,low,positif,0,0
2025-04-09,11:00,S&P500,5201.91,0.24,9.2,0,low,positif,0,0
2025-04-09,12:00,S&P500,5204.46,0.29,11.4,0,low,positif,0,0
2025-04-09,13:00,S&P500,5210.65,0.41,10.4,0,low,positif,0,0
2025-04-09,14:00,S&P500,5211.15,0.42,9.0,0,low,positif,0,0
2025-04-09,15:00,S&P500,5215.97,0.52,10.5,0,low,positif,0,0
2025-04-09,16:00,S&P500,5222.11,0.63,11.8,0,low,positif,0,0
2025-04-09,17:00,S&P500,5222.72,0.65,11.6,0,low,positif,0,0
2025-04-09,18:00,S&P500,5229.87,0.78,10.8,0,low,positif,0,0
2025-04-09,19:00,S&P500,5233.96,0.86,9.2,0,low,positif,0,0
2025-04-09,08:00,DJIA,38795.91,-0.0,12.1,0,low,positif,0,0
2025-04-09,09:00,DJIA,38781.55,-0.04,12.6,0,low,positif,0,0
2025-04-09,10:00,DJIA,38778.08,-0.05,10.0,0,low,positif,0,0
2025-04-09,11:00,DJIA,38781.05,-0.04,7.4,0,low,positif,0,0
2025-04-09,12:00,DJIA,38740.53,-0.15,8.7,0,low,positif,0,0
2025-04-09,13:00,DJIA,38724.21,-0.19,9.1,0,low,positif,0,0
2025-04-09,14:00,DJIA,38724.2,-0.19,10.2,0,low,positif,0,0
2025-04-09,15:00,DJIA,38733.8,-0.16,10.4,0,low,positif,0,0
2025-04-09,16:00,DJIA,38723.17,-0.19,12.6,0,low,positif,0,0
2025-04-09,17:00,DJIA,38711.56,-0.22,8.8,0,low,positif,0,0
2025-04-09,18:00,DJIA,38668.09,-0.33,9.1,0,low,positif,0,0
2025-04-09,19:00,DJIA,38682.9,-0.29,10.6,0,low,positif,0,0
2025-04-10,08:00,CAC40,7626.6,0.03,8.1,0,low,positif,0,0
2025-04-10,09:00,CAC40,7629.11,0.07,8.4,0,low,positif,0,0
2025-04-10,10:00,CAC40,7628.49,0.06,12.9,0,low,positif,0,0
2025-04-10,11:00,CAC40,7628.52,0.06,9.2,0,low,positif,0,0
2025-04-10,12:00,CAC40,7635.38,0.15,12.9,0,low,positif,0,0
2025-04-10,13:00,CAC40,7634.37,0.14,9.3,0,low,positif,0,0
2025-04-10,14:00,CAC40,7641.89,0.23,8.7,0,low,positif,0,0
2025-04-10,15:00,CAC40,7644.82,0.27,12.7,0,low,positif,0,0
2025-04-10,16:00,CAC40,7644.61,0.27,10.5,0,low,positif,0,0
2025-04-10,17:00,CAC40,7643.98,0.26,12.4,0,low,positif,0,0
2025-04-10,18:00,CAC40,7651.7,0.36,11.9,0,low,positif,0,0
2025-04-10,19:00,CAC40,7649.25,0.33,8.9,0,low,positif,0,0
2025-04-10,08:00,DAX,18429.99,-0.04,10.4,0,low,positif,0,0
2025-04-10,09:00,DAX,18429.96,-0.04,11.6,0,low,positif,0,0
2025-04-10,10:00,DAX,18427.02,-0.06,12.8,0,low,positif,0,0
2025-04-10,11:00,DAX,18432.35,-0.03,7.1,0,low,positif,0,0
2025-04-10,12:00,DAX,18426.6,-0.06,11.1,0,low,positif,0,0
2025-04-10,13:00,DAX,18415.95,-0.12,12.6,0,low,positif,0,0
2025-04-10,14:00,DAX,18425.8,-0.07,12.5,0,low,positif,0,0
2025-04-10,15:00,DAX,18410.21,-0.15,7.7,0,low,positif,0,0
2025-04-10,16:00,DAX,18411.33,-0.15,10.3,0,low,positif,0,0
2025-04-10,17:00,DAX,18403.19,-0.19,12.6,0,low,positif,0,0
2025-04-10,18:00,DAX,18403.61,-0.19,7.9,0,low,positif,0,0
2025-04-10,19:00,DAX,18402.07,-0.2,12.8,0,low,positif,0,0
2025-04-10,08:00,S&P500,5235.44,-0.01,12.4,0,low,positif,0,0
2025-04-10,09:00,S&P500,5236.2,0.01,8.6,0,low,positif,0,0
2025-04-10,10:00,S&P500,5235.3,-0.01,10.9,0,low,positif,0,0
2025-04-10,11:00,S&P500,5233.28,-0.05,7.3,0,low,positif,0,0
2025-04-10,12:00,S&P500,5231.18,-0.09,10.9,0,low,positif,0,0
2025-04-10,13:00,S&P500,5228.29,-0.14,10.9,0,low,positif,0,0
2025-04-10,14:00,S&P500,5230.55,-0.1,7.2,0,low,positif,0,0
2025-04-10,15:00,S&P500,5227.9,-0.15,11.8,0,low,positif,0,0
2025-04-10,16:00,S&P500,5228.57,-0.14,11.9,0,low,positif,0,0
2025-04-10,17:00,S&P500,5224.0,-0.23,9.7,0,low,positif,0,0
2025-04-10,18:00,S&P500,5224.06,-0.22,10.5,0,low,positif,0,0
2025-04-10,19:00,S&P500,5222.64,-0.25,8.9,0,low,positif,0,0
2025-04-10,08:00,DJIA,38655.31,-0.04,12.5,0,low,positif,0,0
2025-04-10,09:00,DJIA,38661.08,-0.02,7.3,0,low,positif,0,0
2025-04-10,10:00,DJIA,38650.74,-0.05,11.2,0,low,positif,0,0
2025-04-10,11:00,DJIA,38637.87,-0.08,11.9,0,low,positif,0,0
2025-04-10,12:00,DJIA,38627.51,-0.11,7.4,0,low,positif,0,0
2025-04-10,13:00,DJIA,38612.44,-0.15,9.2,0,low,positif,0,0
2025-04-10,14:00,DJIA,38586.79,-0.22,10.9,0,low,positif,0,0
2025-04-10,15:00,DJIA,38548.57,-0.31,7.2,0,low,positif,0,0
2025-04-10,16:00,DJIA,38537.8,-0.34,12.1,0,low,positif,0,0
2025-04-10,17:00,DJIA,38523.92,-0.38,7.8,0,low,positif,0,0
2025-04-10,18:00,DJIA,38514.11,-0.4,8.9,0,low,positif,0,0
2025-04-10,19:00,DJIA,38512.89,-0.41,12.7,0,low,positif,0,0
2025-04-11,08:00,CAC40,7651.31,0.05,11.2,0,low,positif,0,0
2025-04-11,09:00,CAC40,7639.66,-0.11,12.5,0,low,positif,0,0
2025-04-11,10:00,CAC40,7639.35,-0.11,10.2,0,low,positif,0,0
2025-04-11,11:00,CAC40,7633.12,-0.19,7.5,0,low,positif,0,0
2025-04-11,12:00,CAC40,7630.73,-0.22,12.5,0,low,positif,0,0
2025-04-11,13:00,CAC40,7619.45,-0.37,8.2,0,low,positif,0,0
2025-04-11,14:00,CAC40,7617.5,-0.4,9.1,0,low,positif,0,0
2025-04-11,15:00,CAC40,7608.72,-0.51,11.7,0,low,positif,0,0
2025-04-11,16:00,CAC40,7603.7,-0.58,11.3,0,low,positif,0,0
2025-04-11,17:00,CAC40,7601.75,-0.6,8.1,0,low,positif,0,0
2025-04-11,18:00,CAC40,7597.51,-0.66,12.1,0,low,positif,0,0
2025-04-11,19:00,CAC40,7592.76,-0.72,9.1,0,low,positif,0,0
2025-04-11,08:00,DAX,18419.05,-0.01,12.4,0,low,positif,0,0
2025-04-11,09:00,DAX,18435.39,0.07,8.3,0,low,positif,0,0
2025-04-11,10:00,DAX,18438.26,0.09,8.0,0,low,positif,0,0
2025-04-11,11:00,DAX,18456.42,0.19,11.6,0,low,positif,0,0
2025-04-11,12:00,DAX,18463.47,0.23,11.2,0,low,positif,0,0
2025-04-11,13:00,DAX,18469.51,0.26,10.1,0,low,positif,0,0
2025-04-11,14:00,DAX,18487.9,0.36,7.0,0,low,positif,0,0
2025-04-11,15:00,DAX,18494.09,0.39,9.8,0,low,positif,0,0
2025-04-11,16:00,DAX,18510.85,0.48,12.4,0,low,positif,0,0
2025-04-11,17:00,DAX,18524.09,0.56,11.7,0,low,positif,0,0
2025-04-11,18:00,DAX,18523.61,0.55,8.4,0,low,positif,0,0
2025-04-11,19:00,DAX,18538.01,0.63,10.0,0,low,positif,0,0
2025-04-11,08:00,S&P500,5220.71,-0.04,7.3,0,low,positif,0,0
2025-04-11,09:00,S&P500,5230.76,0.15,7.3,0,low,positif,0,0
2025-04-11,10:00,S&P500,5232.07,0.18,10.6,0,low,positif,0,0
2025-04-11,11:00,S&P500,5240.64,0.34,7.7,0,low,positif,0,0
2025-04-11,12:00,S&P500,5244.6,0.42,8.0,0,low,positif,0,0
2025-04-11,13:00,S&P500,5251.85,0.56,9.3,0,low,positif,0,0
2025-04-11,14:00,S&P500,5253.33,0.58,9.9,0,low,positif,0,0
2025-04-11,15:00,S&P500,5259.07,0.69,7.6,0,low,positif,0,0
2025-04-11,16:00,S&P500,5267.05,0.85,12.7,0,low,positif,0,0
2025-04-11,17:00,S&P500,5274.24,0.98,8.3,0,low,positif,0,0
2025-04-11,18:00,S&P500,5279.58,1.09,11.1,0,low,positif,0,0
2025-04-11,19:00,S&P500,5283.28,1.16,8.1,0,low,positif,0,0
2025-04-11,08:00,DJIA,38540.66,0.02,12.1,0,low,positif,0,0
2025-04-11,09:00,DJIA,38509.99,-0.06,11.2,0,low,positif,0,0
2025-04-11,10:00,DJIA,38481.6,-0.14,12.2,0,low,positif,0,0
2025-04-11,11:00,DJIA,38479.78,-0.14,9.9,0,low,positif,0,0
2025-04-11,12:00,DJIA,38440.51,-0.24,11.5,0,low,positif,0,0
2025-04-11,13:00,DJIA,38411.31,-0.32,8.3,0,low,positif,0,0
2025-04-11,14:00,DJIA,38421.89,-0.29,8.3,0,low,positif,0,0
2025-04-11,15:00,DJIA,38389.4,-0.38,7.9,0,low,positif,0,0
2025-04-11,16:00,DJIA,38377.73,-0.41,12.5,0,low,positif,0,0
2025-04-11,17:00,DJIA,38338.88,-0.51,10.8,0,low,positif,0,0
2025-04-11,18:00,DJIA,38326.62,-0.54,8.8,0,low,positif,0,0
2025-04-11,19:00,DJIA,38314.23,-0.57,9.1,0,low,positif,0,0
2025-04-14,08:00,CAC40,7595.14,0.02,11.1,0,medium,neutre,0,0
2025-04-14,09:00,CAC40,7598.92,0.07,8.1,0,medium,neutre,0,0
2025-04-14,10:00,CAC40,7601.96,0.11,9.4,0,medium,neutre,0,0
2025-04-14,11:00,CAC40,7599.83,0.08,11.9,0,medium,neutre,0,0
2025-04-14,12:00,CAC40,7603.96,0.13,13.0,0,medium,neutre,0,0
2025-04-14,13:00,CAC40,7603.16,0.12,10.9,0,medium,neutre,0,0
2025-04-14,14:00,CAC40,7610.69,0.22,8.5,0,medium,neutre,0,0
2025-04-14,15:00,CAC40,7612.95,0.25,11.7,0,medium,neutre,0,0
2025-04-14,16:00,CAC40,7612.07,0.24,11.8,0,medium,neutre,0,0
2025-04-14,17:00,CAC40,7611.23,0.23,10.9,0,medium,neutre,0,0
2025-04-14,18:00,CAC40,7617.06,0.31,8.6,0,medium,neutre,0,0
2025-04-14,19:00,CAC40,7620.5,0.35,10.0,0,medium,neutre,0,0
2025-04-14,08:00,DAX,18529.31,-0.0,8.9,0,medium,neutre,0,0
2025-04-14,09:00,DAX,18526.24,-0.02,12.7,0,medium,neutre,0,0
2025-04-14,10:00,DAX,18514.72,-0.08,10.9,0,medium,neutre,0,0
2025-04-14,11:00,DAX,18496.46,-0.18,7.1,0,medium,neutre,0,0
2025-04-14,12:00,DAX,18492.73,-0.2,8.3,0,medium,neutre,0,0
2025-04-14,13:00,DAX,18477.69,-0.28,9.4,0,medium,neutre,0,0
2025-04-14,14:00,DAX,18461.66,-0.37,11.7,0,medium,neutre,0,0
2025-04-14,15:00,DAX,18462.94,-0.36,8.4,0,medium,neutre,0,0
2025-04-14,16:00,DAX,18456.03,-0.4,9.8,0,medium,neutre,0,0
2025-04-14,17:00,DAX,18437.5,-0.5,7.4,0,medium,neutre,0,0
2025-04-14,18:00,DAX,18434.31,-0.51,11.7,0,medium,neutre,0,0
2025-04-14,19:00,DAX,18411.66,-0.64,8.9,0,medium,neutre,0,0
2025-04-14,08:00,S&P500,5288.06,0.04,11.0,0,medium,neutre,0,0
2025-04-14,09:00,S&P500,5286.67,0.02,9.6,0,medium,neutre,0,0
2025-04-14,10:00,S&P500,5290.16,0.08,7.4,0,medium,neutre,0,0
2025-04-14,11:00,S&P500,5290.96,0.1,12.5,0,medium,neutre,0,0
2025-04-14,12:00,S&P500,5291.4,0.11,9.6,0,medium,neutre,0,0
2025-04-14,13:00,S&P500,5291.3,0.1,12.6,0,medium,neutre,0,0
2025-04-14,14:00,S&P500,5293.32,0.14,11.3,0,medium,neutre,0,0
2025-04-14,15:00,S&P500,5297.58,0.22,8.3,0,medium,neutre,0,0
2025-04-14,16:00,S&P500,5297.77,0.23,10.3,0,medium,neutre,0,0
2025-04-14,17:00,S&P500,5299.59,0.26,8.1,0,medium,neutre,0,0
2025-04-14,18:00,S&P500,5301.84,0.3,7.0,0,medium,neutre,0,0
2025-04-14,19:00,S&P500,5301.66,0.3,8.5,0,medium,neutre,0,0
2025-04-14,08:00,DJIA,38250.34,-0.05,10.7,0,medium,neutre,0,0
2025-04-14,09:00,DJIA,38277.13,0.02,7.6,0,medium,neutre,0,0
2025-04-14,10:00,DJIA,38282.48,0.04,7.5,0,medium,neutre,0,0
2025-04-14,11:00,DJIA,38268.75,-0.0,12.6,0,medium,neutre,0,0
2025-04-14,12:00,DJIA,38281.27,0.03,11.5,0,medium,neutre,0,0
2025-04-14,13:00,DJIA,38278.26,0.02,12.7,0,medium,neutre,0,0
2025-04-14,14:00,DJIA,38279.65,0.03,10.2,0,medium,neutre,0,0
2025-04-14,15:00,DJIA,38291.39,0.06,9.4,0,medium,neutre,0,0
2025-04-14,16:00,DJIA,38290.7,0.06,10.1,0,medium,neutre,0,0
2025-04-14,17:00,DJIA,38279.68,0.03,8.0,0,medium,neutre,0,0
2025-04-14,18:00,DJIA,38292.61,0.06,9.9,0,medium,neutre,0,0
2025-04-14,19:00,DJIA,38279.3,0.03,10.6,0,medium,neutre,0,0
2025-04-15,08:00,CAC40,7619.44,0.03,9.8,0,low,positif,0,0
2025-04-15,09:00,CAC40,7616.72,-0.01,10.5,0,low,positif,0,0
2025-04-15,10:00,CAC40,7618.7,0.02,10.7,0,low,positif,0,0
2025-04-15,11:00,CAC40,7620.13,0.04,9.5,0,low,positif,0,0
2025-04-15,12:00,CAC40,7617.52,0.0,10.8,0,low,positif,0,0
2025-04-15,13:00,CAC40,7617.82,0.01,10.8,0,low,positif,0,0
2025-04-15,14:00,CAC40,7621.11,0.05,12.5,0,low,positif,0,0
2025-04-15,15:00,CAC40,7622.56,0.07,8.2,0,low,positif,0,0
2025-04-15,16:00,CAC40,7622.4,0.07,10.8,0,low,positif,0,0
2025-04-15,17:00,CAC40,7621.24,0.05,8.9,0,low,positif,0,0
2025-04-15,18:00,CAC40,7619.09,0.02,10.1,0,low,positif,0,0
2025-04-15,19:00,CAC40,7624.9,0.1,10.5,0,low,positif,0,0
2025-04-15,08:00,DAX,18403.72,-0.04,8.0,0,low,positif,0,0
2025-04-15,09:00,DAX,18409.66,-0.0,9.1,0,low,positif,0,0
2025-04-15,10:00,DAX,18397.13,-0.07,9.1,0,low,positif,0,0
2025-04-15,11:00,DAX,18409.38,-0.0,8.6,0,low,positif,0,0
2025-04-15,12:00,DAX,18397.54,-0.07,10.8,0,low,positif,0,0
2025-04-15,13:00,DAX,18404.87,-0.03,8.7,0,low,positif,0,0
2025-04-15,14:00,DAX,18388.1,-0.12,7.3,0,low,positif,0,0
2025-04-15,15:00,DAX,18388.37,-0.12,12.8,0,low,positif,0,0
2025-04-15,16:00,DAX,18392.15,-0.1,8.8,0,low,positif,0,0
2025-04-15,17:00,DAX,18391.46,-0.1,11.6,0,low,positif,0,0
2025-04-15,18:00,DAX,18388.38,-0.12,8.8,0,low,positif,0,0
2025-04-15,19:00,DAX,18385.31,-0.14,9.7,0,low,positif,0,0
2025-04-15,08:00,S&P500,5307.83,-0.01,8.2,0,low,positif,0,0
2025-04-15,09:00,S&P500,5309.46,0.02,9.6,0,low,positif,0,0
2025-04-15,10:00,S&P500,5309.12,0.02,8.5,0,low,positif,0,0
2025-04-15,11:00,S&P500,5304.74,-0.07,7.1,0,low,positif,0,0
2025-04-15,12:00,S&P500,5303.41,-0.09,8.9,0,low,positif,0,0
2025-04-15,13:00,S&P500,5302.41,-0.11,8.2,0,low,positif,0,0
2025-04-15,14:00,S&P500,5303.49,-0.09,9.3,0,low,positif,0,0
2025-04-15,15:00,S&P500,5300.94,-0.14,9.6,0,low,positif,0,0
2025-04-15,16:00,S&P500,5299.61,-0.16,9.8,0,low,positif,0,0
2025-04-15,17:00,S&P500,5298.16,-0.19,12.3,0,low,positif,0,0
2025-04-15,18:00,S&P500,5299.87,-0.16,9.1,0,low,positif,0,0
2025-04-15,19:00,S&P500,5299.02,-0.17,9.3,0,low,positif,0,0
2025-04-15,08:00,DJIA,38255.94,-0.01,9.8,0,low,positif,0,0
2025-04-15,09:00,DJIA,38236.56,-0.06,9.2,0,low,positif,0,0
2025-04-15,10:00,DJIA,38234.98,-0.07,10.2,0,low,positif,0,0
2025-04-15,11:00,DJIA,38242.98,-0.05,11.0,0,low,positif,0,0
2025-04-15,12:00,DJIA,38236.11,-0.06,8.4,0,low,positif,0,0
2025-04-15,13:00,DJIA,38217.3,-0.11,8.9,0,low,positif,0,0
2025-04-15,14:00,DJIA,38219.91,-0.11,10.1,0,low,positif,0,0
2025-04-15,15:00,DJIA,38235.85,-0.07,12.0,0,low,positif,0,0
2025-04-15,16:00,DJIA,38227.05,-0.09,10.7,0,low,positif,0,0
2025-04-15,17:00,DJIA,38205.69,-0.14,8.7,0,low,positif,0,0
2025-04-15,18:00,DJIA,38212.01,-0.13,8.5,0,low,positif,0,0
2025-04-15,19:00,DJIA,38218.57,-0.11,11.5,0,low,positif,0,0
2025-04-16,08:00,CAC40,7628.56,0.03,11.8,0,low,neutre,0,0
2025-04-16,09:00,CAC40,7622.42,-0.05,7.7,0,low,neutre,0,0
2025-04-16,10:00,CAC40,7621.96,-0.06,10.6,0,low,neutre,0,0
2025-04-16,11:00,CAC40,7617.0,-0.12,10.6,0,low,neutre,0,0
2025-04-16,12:00,CAC40,7619.02,-0.1,12.7,0,low,neutre,0,0
2025-04-16,13:00,CAC40,7612.16,-0.19,10.5,0,low,neutre,0,0
2025-04-16,14:00,CAC40,7609.88,-0.22,10.4,0,low,neutre,0,0
2025-04-16,15:00,CAC40,7607.29,-0.25,9.5,0,low,neutre,0,0
2025-04-16,16:00,CAC40,7602.89,-0.31,11.6,0,low,neutre,0,0
2025-04-16,17:00,CAC40,7606.66,-0.26,11.2,0,low,neutre,0,0
2025-04-16,18:00,CAC40,7599.11,-0.36,8.3,0,low,neutre,0,0
2025-04-16,19:00,CAC40,7599.85,-0.35,10.0,0,low,neutre,0,0
2025-04-16,08:00,DAX,18398.58,0.02,8.3,0,low,neutre,0,0
2025-04-16,09:00,DAX,18386.77,-0.04,11.9,0,low,neutre,0,0
2025-04-16,10:00,DAX,18378.92,-0.08,12.3,0,low,neutre,0,0
2025-04-16,11:00,DAX,18368.73,-0.14,12.6,0,low,neutre,0,0
2025-04-16,12:00,DAX,18350.76,-0.24,7.9,0,low,neutre,0,0
2025-04-16,13:00,DAX,18357.63,-0.2,13.0,0,low,neutre,0,0
2025-04-16,14:00,DAX,18344.73,-0.27,9.7,0,low,neutre,0,0
2025-04-16,15:00,DAX,18322.79,-0.39,8.0,0,low,neutre,0,0
2025-04-16,16:00,DAX,18328.4,-0.36,11.6,0,low,neutre,0,0
2025-04-16,17:00,DAX,18312.3,-0.45,8.8,0,low,neutre,0,0
2025-04-16,18:00,DAX,18310.07,-0.46,9.1,0,low,neutre,0,0
2025-04-16,19:00,DAX,18290.59,-0.56,11.3,0,low,neutre,0,0
2025-04-16,08:00,S&P500,5298.51,0.03,7.8,0,low,neutre,0,0
2025-04-16,09:00,S&P500,5298.51,0.03,7.2,0,low,neutre,0,0
2025-04-16,10:00,S&P500,5294.57,-0.04,8.8,0,low,neutre,0,0
2025-04-16,11:00,S&P500,5297.64,0.01,12.1,0,low,neutre,0,0
2025-04-16,12:00,S&P500,5296.79,-0.0,7.4,0,low,neutre,0,0
2025-04-16,13:00,S&P500,5298.72,0.03,8.3,0,low,neutre,0,0
2025-04-16,14:00,S&P500,5295.3,-0.03,7.2,0,low,neutre,0,0
2025-04-16,15:00,S&P500,5299.89,0.06,12.2,0,low,neutre,0,0
2025-04-16,16:00,S&P500,5295.83,-0.02,11.7,0,low,neutre,0,0
2025-04-16,17:00,S&P500,5296.47,-0.01,12.2,0,low,neutre,0,0
2025-04-16,18:00,S&P500,5297.27,0.01,9.4,0,low,neutre,0,0
2025-04-16,19:00,S&P500,5297.52,0.01,11.2,0,low,neutre,0,0
2025-04-16,08:00,DJIA,38181.36,-0.02,11.1,0,low,neutre,0,0
2025-04-16,09:00,DJIA,38185.89,-0.0,7.0,0,low,neutre,0,0
2025-04-16,10:00,DJIA,38203.2,0.04,12.8,0,low,neutre,0,0
2025-04-16,11:00,DJIA,38169.74,-0.05,10.4,0,low,neutre,0,0
2025-04-16,12:00,DJIA,38174.48,-0.03,7.4,0,low,neutre,0,0
2025-04-16,13:00,DJIA,38192.51,0.01,10.3,0,low,neutre,0,0
2025-04-16,14:00,DJIA,38172.2,-0.04,11.2,0,low,neutre,0,0
2025-04-16,15:00,DJIA,38179.53,-0.02,8.3,0,low,neutre,0,0
2025-04-16,16:00,DJIA,38166.57,-0.05,12.6,0,low,neutre,0,0
2025-04-16,17:00,DJIA,38184.25,-0.01,7.3,0,low,neutre,0,0
2025-04-16,18:00,DJIA,38170.46,-0.04,12.3,0,low,neutre,0,0
2025-04-16,19:00,DJIA,38169.33,-0.05,9.4,0,low,neutre,0,0
2025-04-17,08:00,CAC40,7602.26,-0.03,9.7,0,medium,neutre,0,0
2025-04-17,09:00,CAC40,7598.52,-0.08,9.4,0,medium,neutre,0,0
2025-04-17,10:00,CAC40,7598.46,-0.08,7.1,0,medium,neutre,0,0
2025-04-17,11:00,CAC40,7591.58,-0.17,9.7,0,medium,neutre,0,0
2025-04-17,12:00,CAC40,7590.57,-0.18,10.0,0,medium,neutre,0,0
2025-04-17,13:00,CAC40,7587.78,-0.22,11.8,0,medium,neutre,0,0
2025-04-17,14:00,CAC40,7581.87,-0.3,11.9,0,medium,neutre,0,0
2025-04-17,15:00,CAC40,7581.52,-0.3,7.2,0,medium,neutre,0,0
2025-04-17,16:00,CAC40,7577.57,-0.36,12.9,0,medium,neutre,0,0
2025-04-17,17:00,CAC40,7572.85,-0.42,11.3,0,medium,neutre,0,0
2025-04-17,18:00,CAC40,7571.06,-0.44,10.4,0,medium,neutre,0,0
2025-04-17,19:00,CAC40,7562.72,-0.55,11.5,0,medium,neutre,0,0
2025-04-17,08:00,DAX,18287.38,0.03,7.5,0,medium,neutre,0,0
2025-04-17,09:00,DAX,18303.37,0.12,9.9,0,medium,neutre,0,0
2025-04-17,10:00,DAX,18326.1,0.24,7.4,0,medium,neutre,0,0
2025-04-17,11:00,DAX,18333.25,0.28,13.0,0,medium,neutre,0,0
2025-04-17,12:00,DAX,18352.55,0.39,12.0,0,medium,neutre,0,0
2025-04-17,13:00,DAX,18366.68,0.46,8.4,0,medium,neutre,0,0
2025-04-17,14:00,DAX,18398.72,0.64,12.0,0,medium,neutre,0,0
2025-04-17,15:00,DAX,18420.11,0.76,8.0,0,medium,neutre,0,0
2025-04-17,16:00,DAX,18436.28,0.84,10.7,0,medium,neutre,0,0
2025-04-17,17:00,DAX,18445.1,0.89,9.3,0,medium,neutre,0,0
2025-04-17,18:00,DAX,18461.87,0.98,11.5,0,medium,neutre,0,0
2025-04-17,19:00,DAX,18490.49,1.14,11.5,0,medium,neutre,0,0
2025-04-17,08:00,S&P500,5293.15,-0.04,13.0,0,medium,neutre,0,0
2025-04-17,09:00,S&P500,5299.2,0.08,8.4,0,medium,neutre,0,0
2025-04-17,10:00,S&P500,5300.07,0.09,7.8,0,medium,neutre,0,0
2025-04-17,11:00,S&P500,5304.93,0.19,12.9,0,medium,neutre,0,0
2025-04-17,12:00,S&P500,5307.4,0.23,12.3,0,medium,neutre,0,0
2025-04-17,13:00,S&P500,5310.93,0.3,8.3,0,medium,neutre,0,0
2025-04-17,14:00,S&P500,5314.51,0.37,9.8,0,medium,neutre,0,0
2025-04-17,15:00,S&P500,5316.98,0.41,11.2,0,medium,neutre,0,0
2025-04-17,16:00,S&P500,5323.63,0.54,9.6,0,medium,neutre,0,0
2025-04-17,17:00,S&P500,5325.95,0.58,12.6,0,medium,neutre,0,0
2025-04-17,18:00,S&P500,5327.04,0.6,12.1,0,medium,neutre,0,0
2025-04-17,19:00,S&P500,5331.19,0.68,9.9,0,medium,neutre,0,0
2025-04-17,08:00,DJIA,38193.25,-0.02,12.4,0,medium,neutre,0,0
2025-04-17,09:00,DJIA,38197.96,-0.01,8.7,0,medium,neutre,0,0
2025-04-17,10:00,DJIA,38224.52,0.06,7.3,0,medium,neutre,0,0
2025-04-17,11:00,DJIA,38260.92,0.16,8.0,0,medium,neutre,0,0
2025-04-17,12:00,DJIA,38248.35,0.13,10.5,0,medium,neutre,0,0
2025-04-17,13:00,DJIA,38283.52,0.22,11.9,0,medium,neutre,0,0
2025-04-17,14:00,DJIA,38275.22,0.2,7.2,0,medium,neutre,0,0
2025-04-17,15:00,DJIA,38293.63,0.24,12.5,0,medium,neutre,0,0
2025-04-17,16:00,DJIA,38328.13,0.33,7.3,0,medium,neutre,0,0
2025-04-17,17:00,DJIA,38333.08,0.35,9.8,0,medium,neutre,0,0
2025-04-17,18:00,DJIA,38363.19,0.43,11.8,0,medium,neutre,0,0
2025-04-17,19:00,DJIA,38372.53,0.45,11.8,0,medium,neutre,0,0
2025-04-18,08:00,CAC40,7556.75,-0.03,11.8,0,low,positif,0,0
2025-04-18,09:00,CAC40,7558.47,-0.01,12.3,0,low,positif,0,0
2025-04-18,10:00,CAC40,7557.44,-0.02,11.9,0,low,positif,0,0
2025-04-18,11:00,CAC40,7563.2,0.05,12.5,0,low,positif,0,0
2025-04-18,12:00,CAC40,7560.45,0.02,12.3,0,low,positif,0,0
2025-04-18,13:00,CAC40,7562.73,0.05,11.7,0,low,positif,0,0
2025-04-18,14:00,CAC40,7560.75,0.02,12.5,0,low,positif,0,0
2025-04-18,15:00,CAC40,7565.58,0.08,11.1,0,low,positif,0,0
2025-04-18,16:00,CAC40,7563.89,0.06,8.6,0,low,positif,0,0
2025-04-18,17:00,CAC40,7563.01,0.05,11.7,0,low,positif,0,0
2025-04-18,18:00,CAC40,7567.5,0.11,12.2,0,low,positif,0,0
2025-04-18,19:00,CAC40,7570.7,0.15,7.3,0,low,positif,0,0
2025-04-18,08:00,DAX,18488.51,0.0,12.5,0,low,positif,0,0
2025-04-18,09:00,DAX,18480.08,-0.04,11.1,0,low,positif,0,0
2025-04-18,10:00,DAX,18487.51,-0.0,9.0,0,low,positif,0,0
2025-04-18,11:00,DAX,18490.65,0.02,7.4,0,low,positif,0,0
2025-04-18,12:00,DAX,18476.05,-0.06,10.6,0,low,positif,0,0
2025-04-18,13:00,DAX,18486.66,-0.01,10.5,0,low,positif,0,0
2025-04-18,14:00,DAX,18483.19,-0.03,9.3,0,low,positif,0,0
2025-04-18,15:00,DAX,18483.14,-0.03,8.7,0,low,positif,0,0
2025-04-18,16:00,DAX,18472.47,-0.08,10.0,0,low,positif,0,0
2025-04-18,17:00,DAX,18480.08,-0.04,12.7,0,low,positif,0,0
2025-04-18,18:00,DAX,18474.03,-0.07,10.8,0,low,positif,0,0
2025-04-18,19:00,DAX,18472.05,-0.09,11.6,0,low,positif,0,0
2025-04-18,08:00,S&P500,5327.77,-0.04,7.5,0,low,positif,0,0
2025-04-18,09:00,S&P500,5324.19,-0.1,10.2,0,low,positif,0,0
2025-04-18,10:00,S&P500,5325.95,-0.07,7.3,0,low,positif,0,0
2025-04-18,11:00,S&P500,5321.38,-0.16,12.9,0,low,positif,0,0
2025-04-18,12:00,S&P500,5317.48,-0.23,11.8,0,low,positif,0,0
2025-04-18,13:00,S&P500,5315.35,-0.27,7.3,0,low,positif,0,0
2025-04-18,14:00,S&P500,5313.14,-0.31,12.9,0,low,positif,0,0
2025-04-18,15:00,S&P500,5305.51,-0.45,12.1,0,low,positif,0,0
2025-04-18,16:00,S&P500,5306.58,-0.43,9.9,0,low,positif,0,0
2025-04-18,17:00,S&P500,5302.54,-0.51,11.8,0,low,positif,0,0
2025-04-18,18:00,S&P500,5300.68,-0.55,10.6,0,low,positif,0,0
2025-04-18,19:00,S&P500,5294.45,-0.66,10.5,0,low,positif,0,0
2025-04-18,08:00,DJIA,38336.11,-0.01,10.6,0,low,positif,0,0
2025-04-18,09:00,DJIA,38365.99,0.06,12.4,0,low,positif,0,0
2025-04-18,10:00,DJIA,38357.29,0.04,7.6,0,low,positif,0,0
2025-04-18,11:00,DJIA,38375.12,0.09,12.4,0,low,positif,0,0
2025-04-18,12:00,DJIA,38419.94,0.2,11.5,0,low,positif,0,0
2025-04-18,13:00,DJIA,38408.57,0.17,10.3,0,low,positif,0,0
2025-04-18,14:00,DJIA,38421.26,0.21,7.1,0,low,positif,0,0
2025-04-18,15:00,DJIA,38462.45,0.32,7.9,0,low,positif,0,0
2025-04-18,16:00,DJIA,38449.22,0.28,8.1,0,low,positif,0,0
2025-04-18,17:00,DJIA,38486.22,0.38,11.1,0,low,positif,0,0
2025-04-18,18:00,DJIA,38485.48,0.38,12.3,0,low,positif,0,0
2025-04-18,19:00,DJIA,38505.44,0.43,12.7,0,low,positif,0,0
2025-04-21,08:00,CAC40,7567.34,-0.05,14.5,0,medium,neutre,0,1
2025-04-21,09:00,CAC40,7570.43,-0.01,18.2,0,medium,neutre,0,1
2025-04-21,10:00,CAC40,7572.8,0.02,13.7,0,medium,neutre,0,1
2025-04-21,11:00,CAC40,7579.05,0.1,10.1,0,medium,neutre,0,1
2025-04-21,12:00,CAC40,7577.63,0.09,14.3,0,medium,neutre,0,1
2025-04-21,13:00,CAC40,7579.3,0.11,14.8,0,medium,neutre,0,1
2025-04-21,14:00,CAC40,7579.58,0.11,12.2,0,medium,neutre,0,1
2025-04-21,15:00,CAC40,7578.86,0.1,11.3,0,medium,neutre,0,1
2025-04-21,16:00,CAC40,7586.84,0.21,15.1,0,medium,neutre,0,1
2025-04-21,17:00,CAC40,7584.81,0.18,14.2,0,medium,neutre,0,1
2025-04-21,18:00,CAC40,7586.22,0.2,15.1,0,medium,neutre,0,1
2025-04-21,19:00,CAC40,7591.83,0.27,11.5,0,medium,neutre,0,1
2025-04-21,08:00,DAX,18475.12,0.01,17.6,0,medium,neutre,0,1
2025-04-21,09:00,DAX,18472.23,-0.0,15.3,0,medium,neutre,0,1
2025-04-21,10:00,DAX,18470.05,-0.02,18.0,0,medium,neutre,0,1
2025-04-21,11:00,DAX,18478.53,0.03,12.6,0,medium,neutre,0,1
2025-04-21,12:00,DAX,18473.09,0.0,11.5,0,medium,neutre,0,1
2025-04-21,13:00,DAX,18487.1,0.08,13.9,0,medium,neutre,0,1
2025-04-21,14:00,DAX,18486.06,0.07,11.3,0,medium,neutre,0,1
2025-04-21,15:00,DAX,18479.31,0.04,11.2,0,medium,neutre,0,1
2025-04-21,16:00,DAX,18481.71,0.05,17.4,0,medium,neutre,0,1
2025-04-21,17:00,DAX,18481.73,0.05,10.6,0,medium,neutre,0,1
2025-04-21,18:00,DAX,18491.53,0.1,11.1,0,medium,neutre,0,1
2025-04-21,19:00,DAX,18489.96,0.09,14.8,0,medium,neutre,0,1
2025-04-21,08:00,S&P500,5290.41,-0.02,10.5,0,medium,neutre,0,1
2025-04-21,09:00,S&P500,5294.98,0.07,18.0,0,medium,neutre,0,1
2025-04-21,10:00,S&P500,5295.36,0.07,11.8,0,medium,neutre,0,1
2025-04-21,11:00,S&P500,5293.29,0.03,12.6,0,medium,neutre,0,1
2025-04-21,12:00,S&P500,5297.7,0.12,15.9,0,medium,neutre,0,1
2025-04-21,13:00,S&P500,5297.02,0.1,13.6,0,medium,neutre,0,1
2025-04-21,14:00,S&P500,5298.54,0.13,16.0,0,medium,neutre,0,1
2025-04-21,15:00,S&P500,5298.1,0.12,13.4,0,medium,neutre,0,1
2025-04-21,16:00,S&P500,5302.86,0.21,16.1,0,medium,neutre,0,1
2025-04-21,17:00,S&P500,5303.2,0.22,18.0,0,medium,neutre,0,1
2025-04-21,18:00,S&P500,5301.11,0.18,13.1,0,medium,neutre,0,1
2025-04-21,19:00,S&P500,5303.86,0.23,12.1,0,medium,neutre,0,1
2025-04-21,08:00,DJIA,38523.19,0.01,10.7,0,medium,neutre,0,1
2025-04-21,09:00,DJIA,38508.45,-0.03,10.8,0,medium,neutre,0,1
2025-04-21,10:00,DJIA,38524.38,0.01,16.4,0,medium,neutre,0,1
2025-04-21,11:00,DJIA,38499.33,-0.06,12.2,0,medium,neutre,0,1
2025-04-21,12:00,DJIA,38516.96,-0.01,17.2,0,medium,neutre,0,1
2025-04-21,13:00,DJIA,38522.11,0.0,11.3,0,medium,neutre,0,1
2025-04-21,14:00,DJIA,38525.12,0.01,10.6,0,medium,neutre,0,1
2025-04-21,15:00,DJIA,38524.94,0.01,10.7,0,medium,neutre,0,1
2025-04-21,16:00,DJIA,38522.71,0.0,16.6,0,medium,neutre,0,1
2025-04-21,17:00,DJIA,38503.72,-0.05,12.4,0,medium,neutre,0,1
2025-04-21,18:00,DJIA,38513.52,-0.02,17.4,0,medium,neutre,0,1
2025-04-21,19:00,DJIA,38513.99,-0.02,14.5,0,medium,neutre,0,1
2025-04-22,08:00,CAC40,7589.92,0.0,24.8,0,medium,neutre,1,2
2025-04-22,09:00,CAC40,7585.84,-0.05,13.5,0,medium,neutre,1,2
2025-04-22,10:00,CAC40,7587.09,-0.03,14.7,0,medium,neutre,1,2
2025-04-22,11:00,CAC40,7581.5,-0.11,19.8,0,medium,neutre,1,2
2025-04-22,12:00,CAC40,7577.18,-0.16,17.0,0,medium,neutre,1,2
2025-04-22,13:00,CAC40,7576.78,-0.17,15.0,0,medium,neutre,1,2
2025-04-22,14:00,CAC40,7578.53,-0.15,13.4,0,medium,neutre,1,2
2025-04-22,15:00,CAC40,7575.93,-0.18,15.5,0,medium,neutre,1,2
2025-04-22,16:00,CAC40,7574.67,-0.2,23.9,0,medium,neutre,1,2
2025-04-22,17:00,CAC40,7569.12,-0.27,20.8,0,medium,neutre,1,2
2025-04-22,18:00,CAC40,7566.71,-0.3,23.0,0,medium,neutre,1,2
2025-04-22,19:00,CAC40,7564.74,-0.33,22.3,0,medium,neutre,1,2
2025-04-22,08:00,DAX,18488.17,-0.02,23.4,0,medium,neutre,1,2
2025-04-22,09:00,DAX,18492.78,0.0,22.3,0,medium,neutre,1,2
2025-04-22,10:00,DAX,18477.08,-0.08,18.4,0,medium,neutre,1,2
2025-04-22,11:00,DAX,18473.24,-0.1,16.8,0,medium,neutre,1,2
2025-04-22,12:00,DAX,18470.15,-0.12,20.4,0,medium,neutre,1,2
2025-04-22,13:00,DAX,18475.99,-0.09,18.4,0,medium,neutre,1,2
2025-04-22,14:00,DAX,18461.41,-0.17,14.3,0,medium,neutre,1,2
2025-04-22,15:00,DAX,18458.08,-0.18,16.9,0,medium,neutre,1,2
2025-04-22,16:00,DAX,18451.84,-0.22,16.7,0,medium,neutre,1,2
2025-04-22,17:00,DAX,18457.93,-0.19,19.5,0,medium,neutre,1,2
2025-04-22,18:00,DAX,18457.3,-0.19,14.7,0,medium,neutre,1,2
2025-04-22,19:00,DAX,18452.09,-0.22,24.2,0,medium,neutre,1,2
2025-04-22,08:00,S&P500,5307.38,0.04,23.4,0,medium,neutre,1,2
2025-04-22,09:00,S&P500,5301.92,-0.07,23.3,0,medium,neutre,1,2
2025-04-22,10:00,S&P500,5302.45,-0.06,22.9,0,medium,neutre,1,2
2025-04-22,11:00,S&P500,5300.87,-0.09,20.4,0,medium,neutre,1,2
2025-04-22,12:00,S&P500,5302.53,-0.06,16.6,0,medium,neutre,1,2
2025-04-22,13:00,S&P500,5299.65,-0.11,14.5,0,medium,neutre,1,2
2025-04-22,14:00,S&P500,5295.47,-0.19,21.4,0,medium,neutre,1,2
2025-04-22,15:00,S&P500,5293.84,-0.22,19.7,0,medium,neutre,1,2
2025-04-22,16:00,S&P500,5292.19,-0.25,23.5,0,medium,neutre,1,2
2025-04-22,17:00,S&P500,5292.77,-0.24,13.7,0,medium,neutre,1,2
2025-04-22,18:00,S&P500,5292.81,-0.24,15.3,0,medium,neutre,1,2
2025-04-22,19:00,S&P500,5287.81,-0.33,13.5,0,medium,neutre,1,2
2025-04-22,08:00,DJIA,38526.46,0.0,15.6,0,medium,neutre,1,2
2025-04-22,09:00,DJIA,38511.71,-0.03,23.5,0,medium,neutre,1,2
2025-04-22,10:00,DJIA,38487.36,-0.1,20.7,0,medium,neutre,1,2
2025-04-22,11:00,DJIA,38490.55,-0.09,15.5,0,medium,neutre,1,2
2025-04-22,12:00,DJIA,38478.14,-0.12,19.5,0,medium,neutre,1,2
2025-04-22,13:00,DJIA,38468.54,-0.15,21.6,0,medium,neutre,1,2
2025-04-22,14:00,DJIA,38486.29,-0.1,19.8,0,medium,neutre,1,2
2025-04-22,15:00,DJIA,38447.25,-0.2,18.2,0,medium,neutre,1,2
2025-04-22,16:00,DJIA,38462.99,-0.16,15.4,0,medium,neutre,1,2
2025-04-22,17:00,DJIA,38452.52,-0.19,22.2,0,medium,neutre,1,2
2025-04-22,18:00,DJIA,38415.7,-0.28,18.6,0,medium,neutre,1,2
2025-04-22,19:00,DJIA,38424.63,-0.26,18.4,0,medium,neutre,1,2
2025-04-23,08:00,CAC40,7571.74,0.04,23.3,0,medium,neutre,1,2
2025-04-23,09:00,CAC40,7563.42,-0.07,19.8,0,medium,neutre,1,2
2025-04-23,10:00,CAC40,7566.22,-0.03,23.6,0,medium,neutre,1,2
2025-04-23,11:00,CAC40,7560.68,-0.1,23.7,0,medium,neutre,1,2
2025-04-23,12:00,CAC40,7559.39,-0.12,23.6,0,medium,neutre,1,2
2025-04-23,13:00,CAC40,7553.24,-0.2,22.8,0,medium,neutre,1,2
2025-04-23,14:00,CAC40,7552.18,-0.22,22.0,0,medium,neutre,1,2
2025-04-23,15:00,CAC40,7550.33,-0.24,20.7,0,medium,neutre,1,2
2025-04-23,16:00,CAC40,7550.59,-0.24,24.5,0,medium,neutre,1,2
2025-04-23,17:00,CAC40,7548.22,-0.27,22.0,0,medium,neutre,1,2
2025-04-23,18:00,CAC40,7544.52,-0.32,15.5,0,medium,neutre,1,2
2025-04-23,19:00,CAC40,7539.56,-0.38,16.3,0,medium,neutre,1,2
2025-04-23,08:00,DAX,18457.72,-0.04,24.6,0,medium,neutre,1,2
2025-04-23,09:00,DAX,18448.35,-0.09,21.1,0,medium,neutre,1,2
2025-04-23,10:00,DAX,18448.57,-0.09,15.7,0,medium,neutre,1,2
2025-04-23,11:00,DAX,18427.26,-0.2,20.4,0,medium,neutre,1,2
2025-04-23,12:00,DAX,18414.05,-0.28,19.6,0,medium,neutre,1,2
2025-04-23,13:00,DAX,18410.72,-0.29,24.6,0,medium,neutre,1,2
2025-04-23,14:00,DAX,18396.92,-0.37,15.6,0,medium,neutre,1,2
2025-04-23,15:00,DAX,18393.2,-0.39,21.8,0,medium,neutre,1,2
2025-04-23,16:00,DAX,18369.88,-0.51,18.9,0,medium,neutre,1,2
2025-04-23,17:00,DAX,18370.92,-0.51,22.2,0,medium,neutre,1,2
2025-04-23,18:00,DAX,18364.34,-0.54,13.6,0,medium,neutre,1,2
2025-04-23,19:00,DAX,18353.68,-0.6,19.0,0,medium,neutre,1,2
2025-04-23,08:00,S&P500,5291.63,-0.01,20.7,0,medium,neutre,1,2
2025-04-23,09:00,S&P500,5287.44,-0.09,20.1,0,medium,neutre,1,2
2025-04-23,10:00,S&P500,5281.59,-0.2,23.8,0,medium,neutre,1,2
2025-04-23,11:00,S&P500,5280.49,-0.22,14.6,0,medium,neutre,1,2
2025-04-23,12:00,S&P500,5277.18,-0.28,16.5,0,medium,neutre,1,2
2025-04-23,13:00,S&P500,5273.88,-0.34,20.6,0,medium,neutre,1,2
2025-04-23,14:00,S&P500,5268.36,-0.45,18.5,0,medium,neutre,1,2
2025-04-23,15:00,S&P500,5264.14,-0.53,18.7,0,medium,neutre,1,2
2025-04-23,16:00,S&P500,5260.71,-0.59,14.7,0,medium,neutre,1,2
2025-04-23,17:00,S&P500,5259.26,-0.62,18.2,0,medium,neutre,1,2
2025-04-23,18:00,S&P500,5254.73,-0.71,20.8,0,medium,neutre,1,2
2025-04-23,19:00,S&P500,5249.16,-0.81,16.9,0,medium,neutre,1,2
2025-04-23,08:00,DJIA,38405.33,0.02,24.8,0,medium,neutre,1,2
2025-04-23,09:00,DJIA,38392.13,-0.02,15.1,0,medium,neutre,1,2
2025-04-23,10:00,DJIA,38356.75,-0.11,17.7,0,medium,neutre,1,2
2025-04-23,11:00,DJIA,38359.52,-0.1,18.0,0,medium,neutre,1,2
2025-04-23,12:00,DJIA,38318.85,-0.21,15.4,0,medium,neutre,1,2
2025-04-23,13:00,DJIA,38318.67,-0.21,20.0,0,medium,neutre,1,2
2025-04-23,14:00,DJIA,38270.06,-0.33,17.1,0,medium,neutre,1,2
2025-04-23,15:00,DJIA,38255.45,-0.37,20.5,0,medium,neutre,1,2
2025-04-23,16:00,DJIA,38251.56,-0.38,23.7,0,medium,neutre,1,2
2025-04-23,17:00,DJIA,38216.2,-0.47,17.2,0,medium,neutre,1,2
2025-04-23,18:00,DJIA,38214.27,-0.48,21.1,0,medium,neutre,1,2
2025-04-23,19:00,DJIA,38196.44,-0.53,13.5,0,medium,neutre,1,2
2025-04-24,08:00,CAC40,7534.11,-0.04,32.5,1,medium,neutre,1,2
2025-04-24,09:00,CAC40,7524.88,-0.16,23.0,1,medium,neutre,1,2
2025-04-24,10:00,CAC40,7519.91,-0.22,30.9,1,medium,neutre,1,2
2025-04-24,11:00,CAC40,7511.06,-0.34,28.1,1,medium,neutre,1,2
2025-04-24,12:00,CAC40,7507.09,-0.39,19.7,1,medium,neutre,1,2
2025-04-24,13:00,CAC40,7494.5,-0.56,28.6,1,medium,neutre,1,2
2025-04-24,14:00,CAC40,7486.48,-0.67,27.7,1,medium,neutre,1,2
2025-04-24,15:00,CAC40,7478.62,-0.77,28.2,1,medium,neutre,1,2
2025-04-24,16:00,CAC40,7468.39,-0.91,29.5,1,medium,neutre,1,2
2025-04-24,17:00,CAC40,7459.62,-1.02,24.3,1,medium,neutre,1,2
2025-04-24,18:00,CAC40,7453.98,-1.1,27.8,1,medium,neutre,1,2
2025-04-24,19:00,CAC40,7444.01,-1.23,19.9,1,medium,neutre,1,2
2025-04-24,08:00,DAX,18361.97,0.03,32.2,1,medium,neutre,1,2
2025-04-24,09:00,DAX,18330.32,-0.14,26.1,1,medium,neutre,1,2
2025-04-24,10:00,DAX,18314.57,-0.23,26.0,1,medium,neutre,1,2
2025-04-24,11:00,DAX,18307.59,-0.27,24.2,1,medium,neutre,1,2
2025-04-24,12:00,DAX,18278.6,-0.42,28.0,1,medium,neutre,1,2
2025-04-24,13:00,DAX,18267.12,-0.49,20.4,1,medium,neutre,1,2
2025-04-24,14:00,DAX,18240.28,-0.63,31.1,1,medium,neutre,1,2
2025-04-24,15:00,DAX,18224.09,-0.72,22.9,1,medium,neutre,1,2
2025-04-24,16:00,DAX,18201.1,-0.85,31.3,1,medium,neutre,1,2
2025-04-24,17:00,DAX,18179.37,-0.96,28.9,1,medium,neutre,1,2
2025-04-24,18:00,DAX,18172.11,-1.0,32.7,1,medium,neutre,1,2
2025-04-24,19:00,DAX,18144.32,-1.16,21.4,1,medium,neutre,1,2
2025-04-24,08:00,S&P500,5252.28,-0.03,20.9,1,medium,neutre,1,2
2025-04-24,09:00,S&P500,5250.42,-0.07,25.0,1,medium,neutre,1,2
2025-04-24,10:00,S&P500,5246.13,-0.15,28.3,1,medium,neutre,1,2
2025-04-24,11:00,S&P500,5241.52,-0.24,32.1,1,medium,neutre,1,2
2025-04-24,12:00,S&P500,5238.73,-0.29,27.2,1,medium,neutre,1,2
2025-04-24,13:00,S&P500,5235.71,-0.35,27.0,1,medium,neutre,1,2
2025-04-24,14:00,S&P500,5235.02,-0.36,18.7,1,medium,neutre,1,2
2025-04-24,15:00,S&P500,5232.17,-0.42,27.8,1,medium,neutre,1,2
2025-04-24,16:00,S&P500,5225.16,-0.55,29.3,1,medium,neutre,1,2
2025-04-24,17:00,S&P500,5220.97,-0.63,26.4,1,medium,neutre,1,2
2025-04-24,18:00,S&P500,5220.84,-0.63,27.3,1,medium,neutre,1,2
2025-04-24,19:00,S&P500,5215.18,-0.74,28.2,1,medium,neutre,1,2
2025-04-24,08:00,DJIA,38226.29,0.02,20.4,1,medium,neutre,1,2
2025-04-24,09:00,DJIA,38170.01,-0.12,34.4,1,medium,neutre,1,2
2025-04-24,10:00,DJIA,38124.63,-0.24,21.1,1,medium,neutre,1,2
2025-04-24,11:00,DJIA,38111.14,-0.28,31.3,1,medium,neutre,1,2
2025-04-24,12:00,DJIA,38068.28,-0.39,19.4,1,medium,neutre,1,2
2025-04-24,13:00,DJIA,38000.29,-0.57,29.5,1,medium,neutre,1,2
2025-04-24,14:00,DJIA,37978.54,-0.62,30.8,1,medium,neutre,1,2
2025-04-24,15:00,DJIA,37925.29,-0.76,28.1,1,medium,neutre,1,2
2025-04-24,16:00,DJIA,37901.96,-0.82,28.2,1,medium,neutre,1,2
2025-04-24,17:00,DJIA,37852.24,-0.95,18.9,1,medium,neutre,1,2
2025-04-24,18:00,DJIA,37823.45,-1.03,24.4,1,medium,neutre,1,2
2025-04-24,19:00,DJIA,37756.49,-1.2,27.6,1,medium,neutre,1,2
2025-04-25,08:00,CAC40,7439.67,-0.01,27.3,1,medium,neutre,1,2
2025-04-25,09:00,CAC40,7437.27,-0.04,34.5,1,medium,neutre,1,2
2025-04-25,10:00,CAC40,7428.77,-0.15,27.8,1,medium,neutre,1,2
2025-04-25,11:00,CAC40,7423.87,-0.22,26.3,1,medium,neutre,1,2
2025-04-25,12:00,CAC40,7420.06,-0.27,19.0,1,medium,neutre,1,2
2025-04-25,13:00,CAC40,7410.15,-0.4,26.2,1,medium,neutre,1,2
2025-04-25,14:00,CAC40,7406.92,-0.45,29.0,1,medium,neutre,1,2
2025-04-25,15:00,CAC40,7398.67,-0.56,20.5,1,medium,neutre,1,2
2025-04-25,16:00,CAC40,7398.57,-0.56,25.5,1,medium,neutre,1,2
2025-04-25,17:00,CAC40,7394.17,-0.62,20.6,1,medium,neutre,1,2
2025-04-25,18:00,CAC40,7383.85,-0.76,33.4,1,medium,neutre,1,2
2025-04-25,19:00,CAC40,7378.95,-0.82,34.2,1,medium,neutre,1,2
2025-04-25,08:00,DAX,18142.67,-0.05,26.4,1,medium,neutre,1,2
2025-04-25,09:00,DAX,18127.08,-0.13,33.9,1,medium,neutre,1,2
2025-04-25,10:00,DAX,18098.26,-0.29,33.5,1,medium,neutre,1,2
2025-04-25,11:00,DAX,18076.1,-0.41,24.7,1,medium,neutre,1,2
2025-04-25,12:00,DAX,18039.83,-0.61,19.3,1,medium,neutre,1,2
2025-04-25,13:00,DAX,18010.06,-0.78,31.1,1,medium,neutre,1,2
2025-04-25,14:00,DAX,17982.73,-0.93,33.2,1,medium,neutre,1,2
2025-04-25,15:00,DAX,17964.82,-1.03,25.6,1,medium,neutre,1,2
2025-04-25,16:00,DAX,17935.51,-1.19,23.7,1,medium,neutre,1,2
2025-04-25,17:00,DAX,17907.69,-1.34,21.5,1,medium,neutre,1,2
2025-04-25,18:00,DAX,17890.13,-1.44,21.6,1,medium,neutre,1,2
2025-04-25,19:00,DAX,17857.26,-1.62,24.0,1,medium,neutre,1,2
2025-04-25,08:00,S&P500,5218.8,0.02,25.7,1,medium,neutre,1,2
2025-04-25,09:00,S&P500,5208.3,-0.19,26.6,1,medium,neutre,1,2
2025-04-25,10:00,S&P500,5203.45,-0.28,24.9,1,medium,neutre,1,2
2025-04-25,11:00,S&P500,5196.55,-0.41,29.6,1,medium,neutre,1,2
2025-04-25,12:00,S&P500,5188.22,-0.57,28.2,1,medium,neutre,1,2
2025-04-25,13:00,S&P500,5182.45,-0.68,23.9,1,medium,neutre,1,2
2025-04-25,14:00,S&P500,5172.6,-0.87,31.9,1,medium,neutre,1,2
2025-04-25,15:00,S&P500,5166.1,-0.99,22.3,1,medium,neutre,1,2
2025-04-25,16:00,S&P500,5157.71,-1.15,32.0,1,medium,neutre,1,2
2025-04-25,17:00,S&P500,5155.53,-1.2,23.3,1,medium,neutre,1,2
2025-04-25,18:00,S&P500,5147.06,-1.36,22.2,1,medium,neutre,1,2
2025-04-25,19:00,S&P500,5136.92,-1.55,31.9,1,medium,neutre,1,2
2025-04-25,08:00,DJIA,37739.99,0.02,25.0,1,medium,neutre,1,2
2025-04-25,09:00,DJIA,37715.24,-0.04,33.8,1,medium,neutre,1,2
2025-04-25,10:00,DJIA,37703.88,-0.07,19.8,1,medium,neutre,1,2
2025-04-25,11:00,DJIA,37674.19,-0.15,26.2,1,medium,neutre,1,2
2025-04-25,12:00,DJIA,37660.33,-0.19,28.9,1,medium,neutre,1,2
2025-04-25,13:00,DJIA,37627.76,-0.27,26.1,1,medium,neutre,1,2
2025-04-25,14:00,DJIA,37588.16,-0.38,31.0,1,medium,neutre,1,2
2025-04-25,15:00,DJIA,37580.83,-0.4,27.4,1,medium,neutre,1,2
2025-04-25,16:00,DJIA,37548.26,-0.48,24.2,1,medium,neutre,1,2
2025-04-25,17:00,DJIA,37529.44,-0.53,29.5,1,medium,neutre,1,2
2025-04-25,18:00,DJIA,37516.61,-0.57,21.4,1,medium,neutre,1,2
2025-04-25,19:00,DJIA,37496.12,-0.62,23.6,1,medium,neutre,1,2
2025-04-28,08:00,CAC40,7379.72,0.02,25.1,1,medium,neutre,2,2
2025-04-28,09:00,CAC40,7373.52,-0.06,36.5,1,medium,neutre,2,2
2025-04-28,10:00,CAC40,7369.01,-0.12,26.1,1,medium,neutre,2,2
2025-04-28,11:00,CAC40,7363.27,-0.2,21.0,1,medium,neutre,2,2
2025-04-28,12:00,CAC40,7361.19,-0.23,20.7,1,medium,neutre,2,2
2025-04-28,13:00,CAC40,7361.06,-0.23,20.6,1,medium,neutre,2,2
2025-04-28,14:00,CAC40,7353.12,-0.34,21.4,1,medium,neutre,2,2
2025-04-28,15:00,CAC40,7350.21,-0.38,25.1,1,medium,neutre,2,2
2025-04-28,16:00,CAC40,7346.45,-0.43,32.8,1,medium,neutre,2,2
2025-04-28,17:00,CAC40,7343.75,-0.47,25.9,1,medium,neutre,2,2
2025-04-28,18:00,CAC40,7336.14,-0.57,27.3,1,medium,neutre,2,2
2025-04-28,19:00,CAC40,7335.06,-0.58,32.5,1,medium,neutre,2,2
2025-04-28,08:00,DAX,17846.59,0.03,27.7,1,medium,neutre,2,2
2025-04-28,09:00,DAX,17830.09,-0.06,24.9,1,medium,neutre,2,2
2025-04-28,10:00,DAX,17829.34,-0.07,29.5,1,medium,neutre,2,2
2025-04-28,11:00,DAX,17809.74,-0.18,24.8,1,medium,neutre,2,2
2025-04-28,12:00,DAX,17813.49,-0.16,23.3,1,medium,neutre,2,2
2025-04-28,13:00,DAX,17794.58,-0.26,28.1,1,medium,neutre,2,2
2025-04-28,14:00,DAX,17789.39,-0.29,23.6,1,medium,neutre,2,2
2025-04-28,15:00,DAX,17773.31,-0.38,23.5,1,medium,neutre,2,2
2025-04-28,16:00,DAX,17763.8,-0.44,33.2,1,medium,neutre,2,2
2025-04-28,17:00,DAX,17765.82,-0.42,23.9,1,medium,neutre,2,2
2025-04-28,18:00,DAX,17756.26,-0.48,35.4,1,medium,neutre,2,2
2025-04-28,19:00,DAX,17753.48,-0.49,27.1,1,medium,neutre,2,2
2025-04-28,08:00,S&P500,5138.58,0.0,22.8,1,medium,neutre,2,2
2025-04-28,09:00,S&P500,5135.08,-0.06,21.0,1,medium,neutre,2,2
2025-04-28,10:00,S&P500,5129.02,-0.18,28.0,1,medium,neutre,2,2
2025-04-28,11:00,S&P500,5121.93,-0.32,20.0,1,medium,neutre,2,2
2025-04-28,12:00,S&P500,5118.29,-0.39,27.2,1,medium,neutre,2,2
2025-04-28,13:00,S&P500,5110.21,-0.55,20.9,1,medium,neutre,2,2
2025-04-28,14:00,S&P500,5104.07,-0.67,27.4,1,medium,neutre,2,2
2025-04-28,15:00,S&P500,5099.26,-0.76,25.4,1,medium,neutre,2,2
2025-04-28,16:00,S&P500,5095.64,-0.83,35.6,1,medium,neutre,2,2
2025-04-28,17:00,S&P500,5090.54,-0.93,28.0,1,medium,neutre,2,2
2025-04-28,18:00,S&P500,5085.49,-1.03,28.5,1,medium,neutre,2,2
2025-04-28,19:00,S&P500,5076.42,-1.21,29.4,1,medium,neutre,2,2
2025-04-28,08:00,DJIA,37486.49,-0.0,24.8,1,medium,neutre,2,2
2025-04-28,09:00,DJIA,37463.54,-0.06,28.3,1,medium,neutre,2,2
2025-04-28,10:00,DJIA,37420.91,-0.18,27.4,1,medium,neutre,2,2
2025-04-28,11:00,DJIA,37369.95,-0.31,22.6,1,medium,neutre,2,2
2025-04-28,12:00,DJIA,37348.48,-0.37,29.8,1,medium,neutre,2,2
2025-04-28,13:00,DJIA,37282.99,-0.55,25.1,1,medium,neutre,2,2
2025-04-28,14:00,DJIA,37250.81,-0.63,26.6,1,medium,neutre,2,2
2025-04-28,15:00,DJIA,37227.37,-0.69,29.6,1,medium,neutre,2,2
2025-04-28,16:00,DJIA,37201.05,-0.76,30.5,1,medium,neutre,2,2
2025-04-28,17:00,DJIA,37146.25,-0.91,36.4,1,medium,neutre,2,2
2025-04-28,18:00,DJIA,37105.33,-1.02,30.2,1,medium,neutre,2,2
2025-04-28,19:00,DJIA,37076.49,-1.1,33.3,1,medium,neutre,2,2
2025-04-29,08:00,CAC40,7329.4,0.0,18.1,1,medium,neutre,2,1
2025-04-29,09:00,CAC40,7329.56,0.01,18.3,1,medium,neutre,2,1
2025-04-29,10:00,CAC40,7330.49,0.02,14.7,1,medium,neutre,2,1
2025-04-29,11:00,CAC40,7333.97,0.07,19.7,1,medium,neutre,2,1
2025-04-29,12:00,CAC40,7328.9,-0.0,19.6,1,medium,neutre,2,1
2025-04-29,13:00,CAC40,7332.21,0.04,16.6,1,medium,neutre,2,1
2025-04-29,14:00,CAC40,7332.62,0.05,21.7,1,medium,neutre,2,1
2025-04-29,15:00,CAC40,7330.59,0.02,15.3,1,medium,neutre,2,1
2025-04-29,16:00,CAC40,7331.93,0.04,22.1,1,medium,neutre,2,1
2025-04-29,17:00,CAC40,7336.14,0.1,15.4,1,medium,neutre,2,1
2025-04-29,18:00,CAC40,7336.5,0.1,21.7,1,medium,neutre,2,1
2025-04-29,19:00,CAC40,7336.46,0.1,19.9,1,medium,neutre,2,1
2025-04-29,08:00,DAX,17743.79,0.01,21.5,1,medium,neutre,2,1
2025-04-29,09:00,DAX,17748.59,0.03,21.6,1,medium,neutre,2,1
2025-04-29,10:00,DAX,17739.93,-0.02,19.7,1,medium,neutre,2,1
2025-04-29,11:00,DAX,17740.41,-0.01,17.7,1,medium,neutre,2,1
2025-04-29,12:00,DAX,17751.13,0.05,20.0,1,medium,neutre,2,1
2025-04-29,13:00,DAX,17749.43,0.04,12.8,1,medium,neutre,2,1
2025-04-29,14:00,DAX,17737.16,-0.03,16.9,1,medium,neutre,2,1
2025-04-29,15:00,DAX,17745.1,0.01,19.9,1,medium,neutre,2,1
2025-04-29,16:00,DAX,17745.68,0.02,21.7,1,medium,neutre,2,1
2025-04-29,17:00,DAX,17750.01,0.04,21.1,1,medium,neutre,2,1
2025-04-29,18:00,DAX,17749.68,0.04,15.4,1,medium,neutre,2,1
2025-04-29,19:00,DAX,17744.85,0.01,19.0,1,medium,neutre,2,1
2025-04-29,08:00,S&P500,5075.86,-0.04,12.4,1,medium,neutre,2,1
2025-04-29,09:00,S&P500,5078.19,0.0,18.3,1,medium,neutre,2,1
2025-04-29,10:00,S&P500,5079.13,0.02,22.4,1,medium,neutre,2,1
2025-04-29,11:00,S&P500,5083.4,0.11,20.8,1,medium,neutre,2,1
2025-04-29,12:00,S&P500,5083.79,0.11,20.6,1,medium,neutre,2,1
2025-04-29,13:00,S&P500,5081.91,0.08,17.5,1,medium,neutre,2,1
2025-04-29,14:00,S&P500,5086.39,0.17,17.7,1,medium,neutre,2,1
2025-04-29,15:00,S&P500,5085.03,0.14,17.7,1,medium,neutre,2,1
2025-04-29,16:00,S&P500,5084.55,0.13,19.9,1,medium,neutre,2,1
2025-04-29,17:00,S&P500,5088.45,0.21,14.5,1,medium,neutre,2,1
2025-04-29,18:00,S&P500,5088.85,0.21,20.1,1,medium,neutre,2,1
2025-04-29,19:00,S&P500,5091.69,0.27,13.4,1,medium,neutre,2,1
2025-04-29,08:00,DJIA,37072.83,0.05,17.4,1,medium,neutre,2,1
2025-04-29,09:00,DJIA,37044.71,-0.03,15.1,1,medium,neutre,2,1
2025-04-29,10:00,DJIA,37047.16,-0.02,18.3,1,medium,neutre,2,1
2025-04-29,11:00,DJIA,37034.55,-0.05,12.5,1,medium,neutre,2,1
2025-04-29,12:00,DJIA,37019.57,-0.1,19.1,1,medium,neutre,2,1
2025-04-29,13:00,DJIA,37010.68,-0.12,21.1,1,medium,neutre,2,1
2025-04-29,14:00,DJIA,36988.25,-0.18,21.1,1,medium,neutre,2,1
2025-04-29,15:00,DJIA,36986.36,-0.18,16.9,1,medium,neutre,2,1
2025-04-29,16:00,DJIA,36965.32,-0.24,16.1,1,medium,neutre,2,1
2025-04-29,17:00,DJIA,36937.87,-0.32,21.3,1,medium,neutre,2,1
2025-04-29,18:00,DJIA,36955.11,-0.27,18.4,1,medium,neutre,2,1
2025-04-29,19:00,DJIA,36917.49,-0.37,20.5,1,medium,neutre,2,1
2025-04-30,08:00,CAC40,7338.67,-0.02,10.9,1,low,positif,0,0
2025-04-30,09:00,CAC40,7343.03,0.04,12.5,1,low,positif,0,0
2025-04-30,10:00,CAC40,7342.07,0.03,12.5,1,low,positif,0,0
2025-04-30,11:00,CAC40,7345.45,0.07,11.9,1,low,positif,0,0
2025-04-30,12:00,CAC40,7342.38,0.03,12.0,1,low,positif,0,0
2025-04-30,13:00,CAC40,7342.24,0.03,12.4,1,low,positif,0,0
2025-04-30,14:00,CAC40,7344.13,0.06,9.2,1,low,positif,0,0
2025-04-30,15:00,CAC40,7348.67,0.12,7.7,1,low,positif,0,0
2025-04-30,16:00,CAC40,7352.56,0.17,11.0,1,low,positif,0,0
2025-04-30,17:00,CAC40,7352.93,0.18,14.0,1,low,positif,0,0
2025-04-30,18:00,CAC40,7350.07,0.14,11.8,1,low,positif,0,0
2025-04-30,19:00,CAC40,7351.27,0.15,8.4,1,low,positif,0,0
2025-04-30,08:00,DAX,17720.07,-0.04,11.0,1,low,positif,0,0
2025-04-30,09:00,DAX,17744.62,0.09,12.8,1,low,positif,0,0
2025-04-30,10:00,DAX,17756.07,0.16,12.2,1,low,positif,0,0
2025-04-30,11:00,DAX,17752.6,0.14,9.7,1,low,positif,0,0
2025-04-30,12:00,DAX,17778.37,0.28,9.5,1,low,positif,0,0
2025-04-30,13:00,DAX,17786.4,0.33,8.9,1,low,positif,0,0
2025-04-30,14:00,DAX,17785.9,0.33,9.8,1,low,positif,0,0
2025-04-30,15:00,DAX,17807.97,0.45,12.7,1,low,positif,0,0
2025-04-30,16:00,DAX,17815.34,0.49,10.0,1,low,positif,0,0
2025-04-30,17:00,DAX,17824.61,0.55,13.5,1,low,positif,0,0
2025-04-30,18:00,DAX,17829.82,0.57,12.1,1,low,positif,0,0
2025-04-30,19:00,DAX,17848.4,0.68,11.5,1,low,positif,0,0
2025-04-30,08:00,S&P500,5085.65,-0.03,11.6,1,low,positif,0,0
2025-04-30,09:00,S&P500,5090.56,0.07,11.7,1,low,positif,0,0
2025-04-30,10:00,S&P500,5092.32,0.11,13.9,1,low,positif,0,0
2025-04-30,11:00,S&P500,5097.08,0.2,13.1,1,low,positif,0,0
2025-04-30,12:00,S&P500,5096.87,0.19,10.0,1,low,positif,0,0
2025-04-30,13:00,S&P500,5102.11,0.3,10.5,1,low,positif,0,0
2025-04-30,14:00,S&P500,5101.06,0.28,11.8,1,low,positif,0,0
2025-04-30,15:00,S&P500,5106.75,0.39,12.9,1,low,positif,0,0
2025-04-30,16:00,S&P500,5106.16,0.38,10.8,1,low,positif,0,0
2025-04-30,17:00,S&P500,5108.45,0.42,9.8,1,low,positif,0,0
2025-04-30,18:00,S&P500,5114.53,0.54,8.2,1,low,positif,0,0
2025-04-30,19:00,S&P500,5114.11,0.53,10.1,1,low,positif,0,0
2025-04-30,08:00,DJIA,36880.55,-0.04,10.9,1,low,positif,0,0
2025-04-30,09:00,DJIA,36906.03,0.03,10.7,1,low,positif,0,0
2025-04-30,10:00,DJIA,36935.6,0.11,13.1,1,low,positif,0,0
2025-04-30,11:00,DJIA,36960.41,0.18,10.3,1,low,positif,0,0
2025-04-30,12:00,DJIA,36990.13,0.26,10.0,1,low,positif,0,0
2025-04-30,13:00,DJIA,36983.63,0.24,13.5,1,low,positif,0,0
2025-04-30,14:00,DJIA,37015.91,0.33,11.0,1,low,positif,0,0
2025-04-30,15:00,DJIA,37040.53,0.4,9.2,1,low,positif,0,0
2025-04-30,16:00,DJIA,37050.7,0.42,12.2,1,low,positif,0,0
2025-04-30,17:00,DJIA,37084.94,0.52,7.8,1,low,positif,0,0
2025-04-30,18:00,DJIA,37095.17,0.55,14.1,1,low,positif,0,0
2025-04-30,19:00,DJIA,37129.91,0.64,13.8,1,low,positif,0,0
