timestamp,ip_source,ip_destination,protocole,port_destination,duree_connexion_sec,volume_donnees_kb,nb_paquets,nb_echecs_auth,type_trafic,ml_alert,niveau_crise,label
2025-04-01 20:07:01,192.168.5.229,10.0.0.152,UDP,80,3.16,119.37,193,0,normal,0,0,0
2025-04-01 00:05:13,192.168.5.140,10.0.3.57,UDP,8080,21.51,23.0,55,2,normal,0,0,0
2025-04-01 08:51:55,192.168.1.246,10.0.2.27,TCP,3389,8.41,352.09,92,0,normal,0,0,0
2025-04-01 03:22:54,192.168.0.250,10.0.3.21,ICMP,22,13.84,405.49,191,1,normal,0,0,0
2025-04-01 20:39:56,192.168.1.198,10.0.2.253,TCP,443,1.47,104.22,22,2,normal,0,0,0
2025-04-01 03:24:17,192.168.2.180,10.0.0.156,TCP,8080,6.36,89.7,95,1,normal,0,0,0
2025-04-01 23:15:10,192.168.1.176,10.0.2.216,TCP,443,20.68,494.87,168,1,normal,0,0,0
2025-04-01 01:51:20,192.168.2.55,10.0.3.102,UDP,443,26.3,113.38,150,0,normal,0,0,0
2025-04-01 08:08:15,192.168.4.103,10.0.2.57,TCP,8080,12.91,138.74,154,2,normal,0,0,0
2025-04-01 15:05:48,192.168.3.153,10.0.0.99,UDP,8080,23.78,84.89,45,0,normal,0,0,0
2025-04-01 14:33:16,192.168.4.193,10.0.2.197,TCP,80,20.48,343.34,34,0,normal,0,0,0
2025-04-01 09:27:10,192.168.1.130,10.0.0.223,TCP,8080,29.16,439.17,72,2,normal,0,0,0
2025-04-01 19:12:09,192.168.4.83,10.0.3.5,TCP,22,27.56,274.3,140,0,normal,0,0,0
2025-04-01 09:15:03,192.168.0.251,10.0.1.33,UDP,8080,21.98,474.01,26,2,normal,0,0,0
2025-04-01 05:16:33,192.168.5.52,10.0.2.103,TCP,3389,22.68,482.54,143,1,normal,0,0,0
2025-04-01 16:28:07,192.168.4.57,10.0.0.19,TCP,443,16.66,175.66,155,0,normal,0,0,0
2025-04-01 02:57:02,192.168.1.139,10.0.1.186,ICMP,8080,20.1,261.94,76,0,normal,0,0,0
2025-04-01 15:15:50,192.168.2.109,10.0.3.120,TCP,80,19.8,103.3,29,1,normal,0,0,0
2025-04-01 01:25:46,192.168.1.109,10.0.1.72,UDP,443,16.13,131.84,53,0,normal,0,0,0
2025-04-01 02:28:51,192.168.0.249,10.0.0.238,TCP,443,29.98,57.98,171,2,normal,0,0,0
2025-04-01 13:31:30,192.168.3.68,10.0.3.74,UDP,8080,11.43,452.2,47,1,normal,0,0,0
2025-04-01 21:45:31,192.168.4.16,10.0.2.15,TCP,8080,17.42,116.67,19,1,normal,0,0,0
2025-04-01 15:32:58,192.168.1.18,10.0.0.173,TCP,3389,2.5,37.87,135,0,normal,0,0,0
2025-04-01 03:56:36,192.168.4.145,10.0.2.240,TCP,443,12.63,29.47,25,2,normal,0,0,0
2025-04-01 21:45:20,192.168.2.238,10.0.0.3,UDP,8080,9.07,74.13,170,1,normal,0,0,0
2025-04-01 18:06:04,192.168.1.95,10.0.2.41,UDP,8080,26.44,139.95,94,2,normal,0,0,0
2025-04-01 22:19:39,192.168.2.239,10.0.0.241,TCP,22,24.53,269.18,175,2,scan_port,0,0,1
2025-04-01 03:56:06,192.168.2.53,10.0.2.130,UDP,22,6.4,143.45,159,0,normal,0,0,0
2025-04-01 01:05:40,192.168.5.251,10.0.2.42,UDP,8080,23.16,31.6,90,1,normal,0,0,0
2025-04-01 22:27:35,192.168.4.10,10.0.2.150,ICMP,443,27.13,473.07,181,0,normal,0,0,0
2025-04-01 13:08:02,192.168.5.27,10.0.2.200,ICMP,3389,20.49,450.47,58,0,normal,0,0,0
2025-04-01 19:47:09,192.168.0.46,10.0.2.201,UDP,443,26.45,433.66,50,0,normal,0,0,0
2025-04-02 08:10:50,192.168.3.90,10.0.2.211,TCP,443,6.75,437.36,125,1,normal,0,0,0
2025-04-02 00:42:12,192.168.4.103,10.0.2.241,TCP,80,10.6,433.53,76,1,normal,0,0,0
2025-04-02 08:11:37,192.168.5.202,10.0.2.112,ICMP,8080,13.09,28.75,157,1,normal,0,0,0
2025-04-02 03:24:57,192.168.4.176,10.0.1.94,UDP,80,0.15,31.75,116,1,normal,0,0,0
2025-04-02 21:58:21,192.168.4.80,10.0.3.84,UDP,22,27.01,425.53,189,2,normal,0,0,0
2025-04-02 17:08:12,192.168.2.104,10.0.0.78,TCP,443,18.5,341.89,49,1,normal,0,0,0
2025-04-02 13:50:37,192.168.4.122,10.0.1.169,TCP,22,20.3,237.84,118,1,normal,0,0,0
2025-04-02 16:42:40,192.168.2.58,10.0.1.38,TCP,80,7.12,411.03,197,0,normal,0,0,0
2025-04-02 07:30:39,192.168.5.179,10.0.3.127,UDP,443,17.31,233.15,166,0,normal,0,0,0
2025-04-02 04:41:44,192.168.5.133,10.0.3.13,ICMP,443,5.36,391.43,61,0,normal,0,0,0
2025-04-02 03:29:08,192.168.3.157,10.0.3.213,ICMP,3389,17.9,270.25,148,2,normal,0,0,0
2025-04-02 05:47:55,192.168.4.125,10.0.1.71,UDP,80,8.39,378.37,168,1,normal,0,0,0
2025-04-02 22:18:15,192.168.1.99,10.0.1.181,TCP,80,4.24,447.58,25,1,normal,0,0,0
2025-04-02 13:26:21,192.168.4.243,10.0.0.220,ICMP,3389,11.75,40.51,112,1,normal,0,0,0
2025-04-02 15:00:22,192.168.5.140,10.0.1.125,TCP,22,16.19,428.19,112,1,normal,0,0,0
2025-04-02 13:31:01,192.168.3.236,10.0.1.252,ICMP,8080,21.75,342.78,108,2,normal,0,0,0
2025-04-02 00:58:25,192.168.3.47,10.0.0.67,UDP,22,12.92,23.28,169,2,normal,0,0,0
2025-04-02 06:29:20,192.168.0.121,10.0.0.192,ICMP,80,7.64,146.35,112,1,normal,0,0,0
2025-04-02 11:14:41,192.168.1.215,10.0.0.160,TCP,443,28.49,29.73,12,2,normal,0,0,0
2025-04-02 04:30:42,192.168.1.156,10.0.0.200,TCP,22,23.03,237.87,70,0,normal,0,0,0
2025-04-02 03:37:01,192.168.5.51,10.0.0.152,TCP,80,11.96,341.9,101,2,normal,0,0,0
2025-04-02 22:49:19,192.168.2.137,10.0.3.170,TCP,80,23.5,404.71,149,2,normal,0,0,0
2025-04-02 16:41:21,192.168.2.163,10.0.3.182,TCP,3389,13.06,412.94,32,1,normal,0,0,0
2025-04-02 05:46:33,192.168.3.112,10.0.2.83,TCP,80,23.26,311.8,142,1,normal,0,0,0
2025-04-02 08:56:28,192.168.0.127,10.0.2.47,UDP,443,11.43,289.23,176,1,normal,0,0,0
2025-04-02 11:51:16,192.168.4.243,10.0.1.22,TCP,3389,16.72,353.58,75,2,normal,0,0,0
2025-04-02 15:35:48,192.168.0.24,10.0.2.57,UDP,443,13.5,326.49,130,1,normal,0,0,0
2025-04-02 09:42:37,192.168.4.85,10.0.2.180,UDP,22,29.9,270.15,113,2,normal,0,0,0
2025-04-02 09:16:14,192.168.5.48,10.0.1.56,UDP,22,16.12,164.62,195,0,normal,0,0,0
2025-04-02 23:37:48,192.168.2.46,10.0.2.4,ICMP,443,8.96,490.45,54,1,normal,0,0,0
2025-04-02 08:02:03,192.168.3.27,10.0.0.147,TCP,3389,26.07,472.6,168,2,normal,0,0,0
2025-04-02 15:28:21,192.168.0.103,10.0.3.19,ICMP,80,3.51,133.71,127,0,normal,0,0,0
2025-04-03 04:09:51,192.168.3.156,10.0.1.199,ICMP,3389,3.64,51.74,68,1,normal,0,0,0
2025-04-03 14:58:28,192.168.0.157,10.0.0.243,TCP,443,17.1,495.12,83,2,normal,0,0,0
2025-04-03 08:42:05,192.168.3.177,10.0.3.75,TCP,443,0.18,280.48,45,0,normal,0,0,0
2025-04-03 09:45:18,192.168.5.151,10.0.1.109,TCP,8080,27.72,44.88,64,1,normal,0,0,0
2025-04-03 07:41:09,192.168.4.192,10.0.2.113,TCP,3389,23.8,44.99,47,0,normal,0,0,0
2025-04-03 22:19:44,192.168.4.11,10.0.3.189,TCP,8080,13.19,255.23,131,1,normal,0,0,0
2025-04-03 08:01:05,192.168.0.196,10.0.2.148,TCP,443,17.65,419.62,152,2,normal,0,0,0
2025-04-03 15:33:41,192.168.3.249,10.0.0.121,TCP,3389,13.13,98.93,154,1,normal,0,0,0
2025-04-03 10:20:42,192.168.5.242,10.0.3.209,ICMP,80,14.91,171.6,182,0,normal,0,0,0
2025-04-03 14:05:20,192.168.0.169,10.0.3.106,TCP,443,25.96,485.39,108,0,normal,0,0,0
2025-04-03 16:23:39,192.168.4.34,10.0.2.113,UDP,80,6.19,226.6,18,2,normal,0,0,0
2025-04-03 00:40:38,192.168.3.24,10.0.1.216,TCP,3389,0.51,87.61,146,2,normal,0,0,0
2025-04-03 03:41:53,192.168.3.251,10.0.3.63,UDP,8080,8.28,153.01,185,2,normal,0,0,0
2025-04-03 04:24:12,192.168.2.198,10.0.3.88,ICMP,22,25.93,375.68,39,2,normal,0,0,0
2025-04-03 00:18:46,192.168.1.115,10.0.3.89,TCP,8080,14.74,294.16,173,2,normal,0,0,0
2025-04-03 17:24:29,192.168.1.220,10.0.3.12,TCP,3389,17.2,490.58,66,0,normal,0,0,0
2025-04-03 22:58:51,192.168.3.247,10.0.0.33,ICMP,8080,29.43,398.27,171,2,normal,0,0,0
2025-04-03 10:55:06,192.168.1.105,10.0.1.20,UDP,22,0.56,58.86,121,1,normal,0,0,0
2025-04-03 10:39:44,192.168.3.245,10.0.2.161,UDP,8080,25.79,427.36,177,0,normal,0,0,0
2025-04-03 01:39:04,192.168.3.251,10.0.0.195,TCP,3389,22.43,461.26,63,2,normal,0,0,0
2025-04-03 05:44:19,192.168.2.111,10.0.1.63,ICMP,3389,8.87,168.94,19,0,normal,0,0,0
2025-04-03 18:43:50,192.168.1.128,10.0.1.60,UDP,22,18.63,48.69,102,0,normal,0,0,0
2025-04-03 14:16:42,192.168.0.114,10.0.2.253,ICMP,22,16.44,451.59,178,1,normal,0,0,0
2025-04-03 20:27:44,192.168.0.61,10.0.3.147,TCP,8080,25.61,107.62,103,1,normal,0,0,0
2025-04-03 09:44:18,192.168.5.200,10.0.0.234,ICMP,3389,17.02,203.94,7,2,normal,0,0,0
2025-04-03 09:49:51,192.168.5.194,10.0.1.161,TCP,80,18.66,117.31,53,1,normal,0,0,0
2025-04-03 09:50:28,192.168.2.192,10.0.3.45,TCP,443,27.3,368.86,28,1,normal,0,0,0
2025-04-03 17:56:23,192.168.3.248,10.0.2.192,TCP,80,27.43,416.93,70,1,normal,0,0,0
2025-04-03 14:04:09,192.168.3.248,10.0.2.24,UDP,80,20.26,431.47,190,0,normal,0,0,0
2025-04-03 08:34:07,192.168.5.241,10.0.2.28,TCP,3389,17.58,377.02,72,2,normal,0,0,0
2025-04-03 00:39:56,192.168.5.211,10.0.3.233,TCP,3389,19.46,458.48,61,1,normal,0,0,0
2025-04-03 03:08:02,192.168.4.35,10.0.3.117,TCP,8080,3.01,498.0,34,1,normal,0,0,0
2025-04-04 13:37:47,192.168.2.9,10.0.2.56,UDP,3389,18.51,330.91,130,1,normal,0,0,0
2025-04-04 07:54:23,192.168.3.71,10.0.1.248,TCP,3389,10.82,189.99,170,2,normal,0,0,0
2025-04-04 02:42:13,192.168.1.254,10.0.1.202,ICMP,443,23.63,485.84,17,2,normal,0,0,0
2025-04-04 02:53:48,192.168.1.202,10.0.0.71,TCP,443,9.92,115.82,64,2,normal,0,0,0
2025-04-04 17:16:51,192.168.1.151,10.0.2.5,TCP,22,0.54,434.56,38,2,normal,0,0,0
2025-04-04 01:08:47,192.168.2.132,10.0.0.116,ICMP,443,13.5,375.38,126,0,normal,0,0,0
2025-04-04 19:02:46,192.168.0.16,10.0.3.217,UDP,3389,19.34,265.51,122,2,normal,0,0,0
2025-04-04 21:06:31,192.168.1.17,10.0.1.71,ICMP,8080,9.73,46.01,25,1,normal,0,0,0
2025-04-04 17:45:20,192.168.3.26,10.0.0.219,ICMP,443,15.22,269.97,121,2,normal,0,0,0
2025-04-04 13:28:56,192.168.0.81,10.0.3.81,TCP,22,12.54,415.44,107,1,normal,0,0,0
2025-04-04 04:43:59,192.168.5.190,10.0.2.208,TCP,8080,13.01,417.57,28,0,normal,0,0,0
2025-04-04 01:37:35,192.168.3.223,10.0.0.248,TCP,8080,26.22,69.89,95,2,normal,0,0,0
2025-04-04 09:22:06,192.168.0.90,10.0.2.30,TCP,8080,6.8,85.82,128,0,normal,0,0,0
2025-04-04 07:51:27,192.168.4.238,10.0.2.8,TCP,22,16.75,310.65,169,2,normal,0,0,0
2025-04-04 22:48:19,192.168.3.18,10.0.1.190,TCP,80,17.03,12.99,41,1,normal,0,0,0
2025-04-04 23:33:13,192.168.2.199,10.0.0.227,TCP,443,9.42,177.04,99,1,normal,0,0,0
2025-04-04 05:48:39,192.168.4.114,10.0.3.70,TCP,8080,12.78,143.33,174,0,normal,0,0,0
2025-04-04 03:22:27,192.168.2.12,10.0.1.102,ICMP,80,15.86,342.46,129,2,normal,0,0,0
2025-04-04 00:13:19,192.168.0.128,10.0.3.45,TCP,3389,9.91,384.44,79,0,normal,0,0,0
2025-04-04 17:45:14,192.168.5.11,10.0.3.5,UDP,80,11.97,405.04,23,2,normal,0,0,0
2025-04-04 10:36:27,192.168.0.248,10.0.2.44,ICMP,3389,3.54,323.67,79,2,normal,0,0,0
2025-04-04 22:58:23,192.168.0.102,10.0.2.191,TCP,443,12.07,129.23,155,0,normal,0,0,0
2025-04-04 10:49:10,192.168.2.90,10.0.1.61,TCP,443,5.9,65.87,135,2,normal,0,0,0
2025-04-04 08:12:11,192.168.4.195,10.0.3.175,ICMP,8080,14.87,46.92,165,2,normal,0,0,0
2025-04-04 10:55:40,192.168.2.152,10.0.0.91,ICMP,80,18.98,43.46,118,1,normal,0,0,0
2025-04-04 09:29:28,192.168.0.158,10.0.3.119,ICMP,8080,19.38,417.53,24,1,normal,0,0,0
2025-04-04 23:57:02,192.168.4.39,10.0.0.116,TCP,22,18.19,329.4,87,2,normal,0,0,0
2025-04-04 22:05:32,192.168.4.134,10.0.1.94,TCP,22,29.73,131.39,117,0,normal,0,0,0
2025-04-04 12:26:49,192.168.0.85,10.0.0.143,UDP,22,19.45,35.66,166,2,normal,0,0,0
2025-04-04 08:46:54,192.168.5.37,10.0.2.80,UDP,443,2.54,437.91,90,2,normal,0,0,0
2025-04-04 19:45:05,192.168.5.180,10.0.0.166,UDP,8080,24.41,325.31,89,1,normal,0,0,0
2025-04-04 11:01:23,192.168.1.40,10.0.0.76,TCP,8080,5.84,177.45,129,0,normal,0,0,0
2025-04-05 17:53:47,192.168.3.40,10.0.1.47,ICMP,443,4.02,334.35,163,0,normal,0,0,0
2025-04-05 23:28:02,192.168.5.201,10.0.3.60,ICMP,443,18.36,362.6,118,2,normal,0,0,0
2025-04-05 09:51:50,192.168.3.197,10.0.2.200,UDP,8080,29.53,190.24,151,0,normal,0,0,0
2025-04-05 16:26:10,192.168.3.224,10.0.2.142,TCP,8080,1.66,77.82,69,2,normal,0,0,0
2025-04-05 03:18:05,192.168.3.24,10.0.1.210,UDP,22,4.51,230.17,136,1,normal,0,0,0
2025-04-05 00:26:03,192.168.0.82,10.0.0.215,TCP,443,11.31,125.53,25,1,normal,0,0,0
2025-04-05 04:02:18,192.168.3.115,10.0.0.232,TCP,80,22.79,351.08,40,1,normal,0,0,0
2025-04-05 08:13:53,192.168.2.61,10.0.2.32,TCP,443,3.42,308.35,113,2,normal,0,0,0
2025-04-05 13:40:50,192.168.0.162,10.0.1.184,TCP,22,17.94,64.32,132,0,normal,0,0,0
2025-04-05 13:00:39,192.168.4.250,10.0.2.18,ICMP,8080,20.08,214.12,175,2,normal,0,0,0
2025-04-05 16:50:32,192.168.2.65,10.0.0.92,TCP,22,19.11,437.93,16,1,normal,0,0,0
2025-04-05 07:46:42,192.168.2.140,10.0.2.209,TCP,3389,4.09,370.24,90,2,normal,0,0,0
2025-04-05 22:30:40,192.168.1.12,10.0.1.227,TCP,22,1.21,40.92,122,0,normal,0,0,0
2025-04-05 09:32:25,192.168.1.74,10.0.2.221,TCP,22,22.62,241.97,14,2,scan_port,0,0,1
2025-04-05 08:07:51,192.168.1.128,10.0.3.95,ICMP,22,10.24,374.22,103,1,normal,0,0,0
2025-04-05 02:46:27,192.168.2.27,10.0.0.84,TCP,22,16.41,497.6,51,2,normal,0,0,0
2025-04-05 14:38:45,192.168.2.158,10.0.3.71,TCP,80,1.37,227.52,119,2,normal,0,0,0
2025-04-05 21:40:25,192.168.4.174,10.0.3.9,TCP,80,4.37,342.91,12,2,normal,0,0,0
2025-04-05 07:49:41,192.168.5.116,10.0.2.96,UDP,80,18.19,475.24,13,1,normal,0,0,0
2025-04-05 18:08:33,192.168.0.189,10.0.1.128,ICMP,3389,28.82,328.28,68,1,normal,0,0,0
2025-04-05 17:07:16,192.168.3.52,10.0.0.35,TCP,3389,8.64,228.67,161,2,normal,0,0,0
2025-04-05 05:57:45,192.168.5.17,10.0.2.229,TCP,443,20.07,407.15,86,0,normal,0,0,0
2025-04-05 22:45:59,192.168.1.203,10.0.1.61,UDP,80,6.8,398.91,135,0,normal,0,0,0
2025-04-05 11:35:36,192.168.3.184,10.0.3.135,UDP,3389,2.07,73.59,27,2,normal,0,0,0
2025-04-05 18:04:08,192.168.2.33,10.0.1.197,TCP,3389,20.44,46.34,124,2,normal,0,0,0
2025-04-05 16:58:55,192.168.2.240,10.0.1.89,ICMP,22,5.02,263.87,82,0,normal,0,0,0
2025-04-05 02:16:12,192.168.4.24,10.0.1.152,ICMP,443,9.15,144.48,165,2,normal,0,0,0
2025-04-05 05:42:39,192.168.0.21,10.0.0.243,ICMP,22,1.33,175.43,149,2,normal,0,0,0
2025-04-05 20:13:49,192.168.4.75,10.0.2.124,TCP,3389,26.68,323.11,132,2,normal,0,0,0
2025-04-05 09:29:04,192.168.2.156,10.0.1.81,TCP,22,13.99,225.41,128,0,normal,0,0,0
2025-04-05 12:08:48,192.168.2.116,10.0.1.37,TCP,80,14.05,62.03,66,2,normal,0,0,0
2025-04-05 09:24:55,192.168.4.185,10.0.2.49,TCP,3389,24.42,481.72,45,0,normal,0,0,0
2025-04-06 16:29:31,192.168.1.56,10.0.2.13,TCP,22,15.21,21.36,105,1,normal,0,0,0
2025-04-06 15:38:56,192.168.0.111,10.0.1.226,TCP,22,0.34,240.59,142,2,normal,0,0,0
2025-04-06 12:23:02,192.168.0.99,10.0.3.196,ICMP,22,16.64,285.29,97,2,normal,0,0,0
2025-04-06 19:43:39,192.168.2.194,10.0.1.51,ICMP,8080,16.78,203.01,91,0,normal,0,0,0
2025-04-06 12:32:02,192.168.1.156,10.0.1.84,ICMP,22,15.63,359.66,126,0,normal,0,0,0
2025-04-06 05:25:39,192.168.4.126,10.0.2.122,TCP,22,24.87,300.93,134,1,normal,0,0,0
2025-04-06 10:43:07,192.168.5.7,10.0.3.68,ICMP,8080,26.18,160.76,190,2,normal,0,0,0
2025-04-06 07:46:03,192.168.3.38,10.0.1.9,ICMP,80,18.63,266.87,189,0,normal,0,0,0
2025-04-06 06:01:28,192.168.4.236,10.0.3.224,TCP,443,12.37,212.35,57,0,normal,0,0,0
2025-04-06 16:13:35,192.168.1.118,10.0.2.140,TCP,22,9.48,244.4,101,2,normal,0,0,0
2025-04-06 19:30:12,192.168.2.198,10.0.2.181,TCP,3389,28.25,283.46,62,1,normal,0,0,0
2025-04-06 10:30:22,192.168.4.98,10.0.3.210,TCP,443,17.25,143.99,36,2,normal,0,0,0
2025-04-06 09:02:18,192.168.5.123,10.0.1.52,ICMP,22,19.71,179.72,118,0,normal,0,0,0
2025-04-06 17:44:17,192.168.5.232,10.0.1.164,TCP,80,7.35,373.04,66,2,normal,0,0,0
2025-04-06 03:26:21,192.168.4.251,10.0.1.105,UDP,3389,0.25,343.78,40,0,normal,0,0,0
2025-04-06 20:12:48,192.168.0.167,10.0.1.137,TCP,443,27.25,149.85,20,1,normal,0,0,0
2025-04-06 13:56:53,192.168.1.240,10.0.2.225,TCP,80,23.66,498.61,106,0,normal,0,0,0
2025-04-06 09:36:38,192.168.3.228,10.0.1.218,ICMP,3389,16.34,149.44,169,1,normal,0,0,0
2025-04-06 08:12:51,192.168.1.4,10.0.2.203,TCP,8080,7.79,368.25,170,0,normal,0,0,0
2025-04-06 21:48:12,192.168.0.103,10.0.0.48,TCP,3389,15.51,449.55,114,2,normal,0,0,0
2025-04-06 10:59:15,192.168.2.78,10.0.0.67,TCP,443,8.08,125.41,197,1,normal,0,0,0
2025-04-06 01:42:07,192.168.5.198,10.0.2.177,TCP,22,27.7,208.65,133,0,normal,0,0,0
2025-04-06 11:39:14,192.168.4.96,10.0.3.180,ICMP,3389,22.46,244.31,121,0,normal,0,0,0
2025-04-06 17:51:42,192.168.0.135,10.0.3.136,TCP,80,26.21,343.37,157,0,normal,0,0,0
2025-04-06 18:07:03,192.168.2.219,10.0.3.30,TCP,8080,4.58,109.06,142,2,normal,0,0,0
2025-04-06 15:05:57,192.168.4.15,10.0.3.173,TCP,80,12.52,232.18,136,0,normal,0,0,0
2025-04-06 12:16:52,192.168.5.17,10.0.0.240,TCP,3389,12.77,293.37,16,0,normal,0,0,0
2025-04-06 01:18:26,192.168.3.96,10.0.3.115,UDP,3389,19.41,385.26,191,0,normal,0,0,0
2025-04-06 02:43:42,192.168.4.101,10.0.1.187,TCP,80,3.65,330.23,94,0,normal,0,0,0
2025-04-06 00:19:29,192.168.1.118,10.0.2.40,TCP,443,24.72,217.82,102,2,normal,0,0,0
2025-04-06 23:48:07,192.168.0.26,10.0.0.115,ICMP,80,7.3,215.43,9,2,normal,0,0,0
2025-04-06 07:47:02,192.168.0.36,10.0.2.60,ICMP,22,25.93,274.48,198,0,normal,0,0,0
2025-04-07 18:38:49,192.168.4.57,10.0.3.77,TCP,80,29.57,126.08,41,1,normal,0,0,0
2025-04-07 17:37:56,192.168.0.249,10.0.2.242,UDP,8080,16.72,316.74,114,0,normal,0,0,0
2025-04-07 10:44:26,192.168.1.218,10.0.1.77,TCP,3389,16.18,194.47,198,1,normal,0,0,0
2025-04-07 01:35:26,192.168.1.85,10.0.0.237,UDP,22,7.36,269.7,104,2,normal,0,0,0
2025-04-07 02:34:46,192.168.0.224,10.0.0.49,ICMP,8080,18.19,141.55,177,0,normal,0,0,0
2025-04-07 06:30:13,192.168.1.247,10.0.0.192,UDP,443,6.43,158.56,8,1,normal,0,0,0
2025-04-07 22:38:45,192.168.4.167,10.0.2.79,TCP,22,11.48,280.52,77,0,normal,0,0,0
2025-04-07 16:56:31,192.168.2.81,10.0.3.12,ICMP,443,27.44,240.05,86,2,normal,0,0,0
2025-04-07 23:09:01,192.168.1.85,10.0.1.98,ICMP,443,8.93,293.78,111,2,normal,0,0,0
2025-04-07 15:35:41,192.168.5.190,10.0.3.118,TCP,22,29.0,136.09,130,1,normal,0,0,0
2025-04-07 05:08:46,192.168.0.135,10.0.0.215,TCP,80,29.71,459.28,143,0,normal,0,0,0
2025-04-07 00:26:08,192.168.4.117,10.0.2.16,ICMP,8080,0.37,43.3,43,0,normal,0,0,0
2025-04-07 15:42:31,192.168.5.71,10.0.2.5,ICMP,3389,0.6,280.31,8,2,normal,0,0,0
2025-04-07 05:06:58,192.168.2.69,10.0.3.21,TCP,3389,15.84,128.07,163,0,normal,0,0,0
2025-04-07 14:36:15,192.168.5.195,10.0.0.24,UDP,3389,19.65,156.99,25,0,scan_port,0,0,1
2025-04-07 12:35:30,192.168.3.166,10.0.2.145,TCP,8080,15.05,354.39,26,0,normal,0,0,0
2025-04-07 01:14:13,192.168.0.176,10.0.2.231,ICMP,8080,8.21,444.9,126,2,normal,0,0,0
2025-04-07 21:02:11,192.168.5.211,10.0.3.238,TCP,22,17.65,17.67,58,1,normal,0,0,0
2025-04-07 05:36:15,192.168.5.36,10.0.0.129,TCP,80,10.02,341.75,143,1,normal,0,0,0
2025-04-07 03:27:14,192.168.3.249,10.0.2.8,TCP,3389,28.65,306.53,162,1,normal,0,0,0
2025-04-07 15:14:22,192.168.3.22,10.0.2.205,TCP,80,17.62,221.61,179,1,normal,0,0,0
2025-04-07 02:17:09,192.168.0.24,10.0.0.242,TCP,3389,9.57,85.6,104,2,normal,0,0,0
2025-04-07 11:48:17,192.168.4.105,10.0.0.7,TCP,22,16.75,101.82,119,0,normal,0,0,0
2025-04-07 17:05:38,192.168.3.200,10.0.0.186,ICMP,443,8.83,433.22,8,1,normal,0,0,0
2025-04-07 18:33:10,192.168.1.17,10.0.1.112,TCP,3389,8.13,78.03,82,0,normal,0,0,0
2025-04-07 09:30:50,192.168.4.158,10.0.1.118,TCP,443,18.79,472.67,189,1,normal,0,0,0
2025-04-07 09:00:25,192.168.3.209,10.0.1.77,TCP,8080,13.26,196.15,89,2,normal,0,0,0
2025-04-07 22:12:30,192.168.5.126,10.0.1.84,UDP,22,22.07,484.68,79,1,normal,0,0,0
2025-04-07 12:23:07,192.168.4.7,10.0.3.242,TCP,3389,5.48,300.19,144,0,normal,0,0,0
2025-04-07 09:53:44,192.168.1.65,10.0.1.184,UDP,3389,19.04,339.76,40,1,normal,0,0,0
2025-04-07 02:28:38,192.168.0.203,10.0.2.180,ICMP,8080,12.61,271.84,182,1,normal,0,0,0
2025-04-07 20:58:05,192.168.4.12,10.0.3.248,TCP,3389,5.07,332.22,95,0,normal,0,0,0
2025-04-08 03:00:06,192.168.4.57,10.0.3.96,UDP,3389,17.46,375.96,147,2,normal,0,0,0
2025-04-08 21:37:44,192.168.3.236,10.0.0.30,TCP,22,3.23,498.87,128,1,normal,0,0,0
2025-04-08 09:21:29,192.168.5.179,10.0.3.82,TCP,22,3.02,246.63,126,2,normal,0,0,0
2025-04-08 01:51:45,192.168.5.63,10.0.1.142,TCP,22,24.02,327.51,178,1,normal,0,0,0
2025-04-08 17:27:29,192.168.3.102,10.0.0.189,ICMP,443,19.25,318.58,52,1,normal,0,0,0
2025-04-08 14:37:27,192.168.0.148,10.0.0.205,ICMP,443,22.59,115.25,76,2,normal,0,0,0
2025-04-08 11:20:12,192.168.5.81,10.0.3.157,UDP,8080,15.88,338.64,130,1,normal,0,0,0
2025-04-08 03:22:22,192.168.2.236,10.0.0.173,TCP,22,21.21,94.54,177,2,normal,0,0,0
2025-04-08 03:15:19,192.168.4.36,10.0.3.109,TCP,3389,11.72,349.78,135,1,normal,0,0,0
2025-04-08 20:34:44,192.168.1.81,10.0.3.159,TCP,22,8.74,281.91,130,0,normal,0,0,0
2025-04-08 00:31:08,192.168.3.176,10.0.3.107,UDP,3389,19.63,482.28,134,1,normal,0,0,0
2025-04-08 05:05:36,192.168.2.44,10.0.3.145,UDP,8080,6.82,153.12,75,0,normal,0,0,0
2025-04-08 16:07:36,192.168.0.195,10.0.3.140,TCP,3389,16.31,413.41,98,2,normal,0,0,0
2025-04-08 03:47:53,192.168.2.221,10.0.0.113,TCP,443,13.55,155.88,13,0,normal,0,0,0
2025-04-08 06:51:47,192.168.1.158,10.0.1.201,TCP,443,19.02,431.91,161,1,normal,0,0,0
2025-04-08 01:36:22,192.168.2.75,10.0.2.244,ICMP,80,29.37,274.0,87,2,normal,0,0,0
2025-04-08 04:48:50,192.168.1.64,10.0.1.183,TCP,443,3.89,496.32,172,0,normal,0,0,0
2025-04-08 21:25:31,192.168.0.163,10.0.0.104,ICMP,22,11.32,141.67,111,2,normal,0,0,0
2025-04-08 22:59:56,192.168.5.24,10.0.3.163,TCP,80,26.08,170.37,5,1,normal,0,0,0
2025-04-08 17:25:13,192.168.2.141,10.0.1.145,UDP,22,24.87,252.41,87,0,normal,0,0,0
2025-04-08 21:48:03,192.168.1.113,10.0.3.1,UDP,443,0.59,394.11,122,2,normal,0,0,0
2025-04-08 22:58:08,192.168.2.65,10.0.0.96,TCP,80,2.89,87.9,75,1,normal,0,0,0
2025-04-08 12:40:19,192.168.0.55,10.0.3.20,TCP,8080,21.14,220.32,28,0,normal,0,0,0
2025-04-08 07:33:43,192.168.3.178,10.0.1.123,TCP,443,29.65,350.84,35,0,normal,0,0,0
2025-04-08 12:05:46,192.168.1.165,10.0.1.18,ICMP,8080,4.2,163.54,81,0,normal,0,0,0
2025-04-08 00:39:41,192.168.3.158,10.0.3.221,TCP,80,22.47,363.99,165,1,normal,0,0,0
2025-04-08 03:08:48,192.168.1.64,10.0.2.166,TCP,443,9.5,198.18,114,2,normal,0,0,0
2025-04-08 17:38:38,192.168.5.225,10.0.2.53,ICMP,8080,0.9,391.7,181,1,normal,0,0,0
2025-04-08 16:12:47,192.168.0.62,10.0.3.164,ICMP,80,14.9,36.74,66,2,normal,0,0,0
2025-04-08 16:56:00,192.168.4.175,10.0.1.196,UDP,80,12.68,74.67,150,1,scan_port,0,0,1
2025-04-08 00:37:04,192.168.3.130,10.0.2.161,ICMP,3389,28.47,29.52,20,0,normal,0,0,0
2025-04-08 13:44:25,192.168.2.21,10.0.1.250,TCP,8080,8.4,273.45,44,2,normal,0,0,0
2025-04-09 10:25:37,192.168.3.187,10.0.1.15,TCP,80,9.37,343.72,21,2,normal,0,0,0
2025-04-09 13:07:29,192.168.1.31,10.0.0.182,TCP,80,19.78,161.55,194,0,normal,0,0,0
2025-04-09 05:31:22,192.168.2.188,10.0.0.198,TCP,22,3.9,137.03,100,2,normal,0,0,0
2025-04-09 13:17:33,192.168.3.131,10.0.2.15,UDP,8080,2.4,487.77,165,2,normal,0,0,0
2025-04-09 05:23:10,192.168.1.190,10.0.0.12,TCP,443,21.71,448.19,177,0,normal,0,0,0
2025-04-09 01:30:23,192.168.5.190,10.0.3.58,TCP,443,16.63,97.69,14,0,normal,0,0,0
2025-04-09 13:58:46,192.168.0.46,10.0.1.206,ICMP,80,15.11,290.05,35,0,normal,0,0,0
2025-04-09 12:04:56,192.168.4.117,10.0.0.95,TCP,22,9.89,389.03,84,1,normal,0,0,0
2025-04-09 18:50:19,192.168.1.188,10.0.1.39,TCP,3389,29.16,237.32,156,0,normal,0,0,0
2025-04-09 00:14:34,192.168.5.97,10.0.2.27,TCP,8080,0.14,439.83,90,2,normal,0,0,0
2025-04-09 07:26:31,192.168.1.230,10.0.3.180,TCP,3389,1.41,358.71,28,0,normal,0,0,0
2025-04-09 23:05:37,192.168.4.16,10.0.3.170,TCP,443,2.34,322.24,105,0,normal,0,0,0
2025-04-09 09:16:54,192.168.3.70,10.0.1.20,TCP,443,9.85,353.36,193,1,normal,0,0,0
2025-04-09 18:06:09,192.168.2.247,10.0.1.116,TCP,3389,3.71,238.37,109,1,normal,0,0,0
2025-04-09 08:54:07,192.168.0.56,10.0.2.38,TCP,443,20.94,159.07,185,2,normal,0,0,0
2025-04-09 11:25:32,192.168.3.219,10.0.3.143,ICMP,443,1.03,137.48,49,1,normal,0,0,0
2025-04-09 03:29:06,192.168.1.34,10.0.1.211,UDP,22,24.93,69.51,20,0,normal,0,0,0
2025-04-09 21:40:41,192.168.0.51,10.0.3.208,TCP,80,0.75,136.82,24,2,normal,0,0,0
2025-04-09 10:07:02,192.168.5.102,10.0.3.8,UDP,3389,13.05,92.31,151,0,normal,0,0,0
2025-04-09 05:22:13,192.168.4.158,10.0.1.166,TCP,3389,1.14,147.13,43,1,normal,0,0,0
2025-04-09 13:56:35,192.168.5.227,10.0.1.162,ICMP,80,12.64,147.09,40,0,normal,0,0,0
2025-04-09 12:50:45,192.168.4.83,10.0.3.70,TCP,80,27.39,392.9,93,2,normal,0,0,0
2025-04-09 10:38:14,192.168.4.60,10.0.1.26,TCP,443,15.93,38.71,125,1,normal,0,0,0
2025-04-09 08:34:52,192.168.3.91,10.0.1.46,TCP,8080,17.31,37.4,61,2,normal,0,0,0
2025-04-09 10:51:47,192.168.4.145,10.0.1.145,TCP,3389,10.62,23.82,184,2,normal,0,0,0
2025-04-09 17:19:11,192.168.4.123,10.0.0.85,ICMP,443,6.64,37.52,159,0,normal,0,0,0
2025-04-09 04:21:45,192.168.1.199,10.0.0.217,ICMP,22,17.64,39.18,42,1,normal,0,0,0
2025-04-09 02:23:45,192.168.1.250,10.0.1.188,UDP,3389,9.12,297.15,91,1,normal,0,0,0
2025-04-09 20:20:11,192.168.1.171,10.0.1.97,TCP,22,23.63,349.84,162,2,normal,0,0,0
2025-04-09 04:11:46,192.168.4.9,10.0.1.155,TCP,8080,25.54,474.86,105,2,normal,0,0,0
2025-04-09 07:40:36,192.168.2.252,10.0.2.43,TCP,22,2.43,78.92,195,1,normal,0,0,0
2025-04-09 14:00:16,192.168.5.1,10.0.0.99,UDP,3389,23.63,43.22,70,2,normal,0,0,0
2025-04-10 05:56:26,192.168.3.202,10.0.1.42,UDP,80,3.13,182.1,101,1,normal,0,0,0
2025-04-10 01:18:01,192.168.1.188,10.0.0.141,TCP,22,26.65,46.36,48,0,normal,0,0,0
2025-04-10 19:39:57,192.168.3.41,10.0.0.26,TCP,443,5.03,221.35,172,0,normal,0,0,0
2025-04-10 06:26:44,192.168.1.25,10.0.0.101,ICMP,8080,8.52,274.66,174,2,normal,0,0,0
2025-04-10 15:09:03,192.168.3.52,10.0.0.7,TCP,443,18.79,52.94,174,1,normal,0,0,0
2025-04-10 20:18:05,192.168.5.68,10.0.0.165,ICMP,3389,14.18,161.09,106,0,normal,0,0,0
2025-04-10 05:23:56,192.168.2.58,10.0.2.145,TCP,443,13.25,228.43,72,0,normal,0,0,0
2025-04-10 22:42:06,192.168.4.59,10.0.0.216,UDP,8080,29.12,406.01,110,1,normal,0,0,0
2025-04-10 13:34:43,192.168.0.102,10.0.0.129,ICMP,8080,14.34,290.63,65,1,normal,0,0,0
2025-04-10 18:43:39,192.168.1.33,10.0.0.109,TCP,3389,29.17,94.71,47,1,normal,0,0,0
2025-04-10 06:52:40,192.168.0.23,10.0.3.143,UDP,8080,27.43,136.36,191,2,normal,0,0,0
2025-04-10 10:54:17,192.168.3.29,10.0.3.39,TCP,8080,17.67,395.41,164,0,normal,0,0,0
2025-04-10 18:37:48,192.168.2.223,10.0.2.225,UDP,22,23.41,463.21,149,0,normal,0,0,0
2025-04-10 12:41:31,192.168.4.156,10.0.3.10,UDP,22,12.15,28.36,75,1,normal,0,0,0
2025-04-10 22:15:03,192.168.2.80,10.0.2.216,UDP,80,10.2,449.55,10,1,normal,0,0,0
2025-04-10 07:08:19,192.168.3.155,10.0.0.49,UDP,443,8.16,389.28,87,1,normal,0,0,0
2025-04-10 13:47:31,192.168.0.80,10.0.3.35,ICMP,8080,23.77,412.3,136,1,normal,0,0,0
2025-04-10 00:11:12,192.168.0.236,10.0.2.181,TCP,22,1.09,420.12,68,0,normal,0,0,0
2025-04-10 11:52:29,192.168.2.126,10.0.3.46,UDP,8080,1.01,462.31,179,2,normal,0,0,0
2025-04-10 17:22:22,192.168.0.99,10.0.0.42,ICMP,443,2.8,376.99,181,1,normal,0,0,0
2025-04-10 07:41:14,192.168.5.3,10.0.3.234,TCP,443,0.7,329.28,136,1,normal,0,0,0
2025-04-10 19:51:00,192.168.5.165,10.0.2.109,UDP,22,21.41,404.49,83,2,normal,0,0,0
2025-04-10 14:16:13,192.168.0.2,10.0.2.144,ICMP,8080,11.97,265.11,164,2,normal,0,0,0
2025-04-10 09:19:43,192.168.2.67,10.0.2.49,TCP,8080,19.25,174.78,75,0,normal,0,0,0
2025-04-10 07:57:03,192.168.5.7,10.0.3.76,TCP,3389,20.45,208.01,86,2,normal,0,0,0
2025-04-10 12:24:47,192.168.5.57,10.0.3.233,TCP,8080,10.36,497.43,53,2,normal,0,0,0
2025-04-10 09:54:10,192.168.5.67,10.0.1.243,TCP,80,14.18,98.76,29,2,normal,0,0,0
2025-04-10 07:22:14,192.168.4.76,10.0.3.218,TCP,3389,11.21,216.03,89,1,normal,0,0,0
2025-04-10 01:55:40,192.168.5.98,10.0.2.106,TCP,443,15.06,44.9,54,2,normal,0,0,0
2025-04-10 04:12:21,192.168.5.47,10.0.0.125,TCP,443,4.38,447.49,122,2,normal,0,0,0
2025-04-10 10:40:03,192.168.1.126,10.0.0.34,ICMP,3389,17.33,112.6,48,1,normal,0,0,0
2025-04-10 20:27:25,192.168.5.96,10.0.0.229,TCP,8080,16.06,197.83,14,1,normal,0,0,0
2025-04-11 06:01:43,192.168.2.34,10.0.0.99,ICMP,8080,26.32,131.92,182,2,normal,0,0,0
2025-04-11 09:10:04,192.168.4.135,10.0.2.112,TCP,22,21.86,474.75,121,1,normal,0,0,0
2025-04-11 15:22:48,192.168.1.55,10.0.0.151,ICMP,443,21.84,19.37,62,1,normal,0,0,0
2025-04-11 03:23:45,192.168.4.160,10.0.0.153,TCP,80,7.75,193.84,168,0,normal,0,0,0
2025-04-11 20:53:01,192.168.2.122,10.0.1.53,TCP,22,3.8,214.22,102,0,normal,0,0,0
2025-04-11 13:42:06,192.168.0.131,10.0.0.73,TCP,80,4.2,315.17,184,1,normal,0,0,0
2025-04-11 15:12:38,192.168.3.76,10.0.1.11,ICMP,3389,10.8,417.43,56,1,normal,0,0,0
2025-04-11 06:44:59,192.168.0.214,10.0.3.39,TCP,8080,2.76,11.34,176,0,normal,0,0,0
2025-04-11 02:46:46,192.168.2.68,10.0.3.13,TCP,443,29.66,325.73,121,1,normal,0,0,0
2025-04-11 01:54:18,192.168.0.3,10.0.1.170,TCP,22,3.57,163.23,194,2,normal,0,0,0
2025-04-11 11:57:28,192.168.2.47,10.0.0.103,UDP,3389,11.24,440.45,28,1,normal,0,0,0
2025-04-11 08:53:24,192.168.1.29,10.0.1.179,TCP,443,26.6,401.95,171,1,normal,0,0,0
2025-04-11 03:26:58,192.168.2.157,10.0.0.221,TCP,3389,18.38,342.41,51,2,normal,0,0,0
2025-04-11 15:07:56,192.168.5.223,10.0.1.251,TCP,8080,9.5,41.03,172,0,normal,0,0,0
2025-04-11 16:44:44,192.168.5.174,10.0.3.39,ICMP,8080,14.51,334.24,68,1,normal,0,0,0
2025-04-11 01:00:41,192.168.0.193,10.0.3.83,TCP,22,26.1,425.93,131,2,normal,0,0,0
2025-04-11 08:03:32,192.168.3.206,10.0.3.23,UDP,3389,2.46,195.53,65,2,normal,0,0,0
2025-04-11 10:07:31,192.168.4.1,10.0.0.203,ICMP,8080,1.17,60.3,110,0,normal,0,0,0
2025-04-11 20:19:56,192.168.2.212,10.0.0.210,TCP,3389,28.52,330.75,121,0,normal,0,0,0
2025-04-11 10:35:49,192.168.0.25,10.0.1.1,TCP,22,21.51,361.16,98,1,normal,0,0,0
2025-04-11 20:51:18,192.168.3.36,10.0.3.28,TCP,8080,26.92,354.03,16,1,normal,0,0,0
2025-04-11 06:12:07,192.168.0.194,10.0.3.12,ICMP,80,21.53,115.64,53,1,normal,0,0,0
2025-04-11 14:29:42,192.168.5.13,10.0.3.215,ICMP,3389,0.23,75.97,132,2,normal,0,0,0
2025-04-11 16:49:58,192.168.0.100,10.0.2.130,UDP,3389,24.48,293.49,192,2,normal,0,0,0
2025-04-11 19:58:44,192.168.3.207,10.0.1.36,UDP,8080,29.12,204.96,92,1,normal,0,0,0
2025-04-11 22:56:47,192.168.4.162,10.0.1.52,TCP,8080,21.39,278.42,85,2,normal,0,0,0
2025-04-11 22:18:43,192.168.1.129,10.0.2.182,TCP,22,19.54,75.01,186,2,normal,0,0,0
2025-04-11 17:30:37,192.168.4.74,10.0.3.207,TCP,8080,22.46,357.96,177,2,normal,0,0,0
2025-04-11 03:01:24,192.168.1.252,10.0.2.175,TCP,443,22.53,37.74,73,2,normal,0,0,0
2025-04-11 01:44:50,192.168.5.190,10.0.1.191,ICMP,3389,3.16,25.83,120,2,normal,0,0,0
2025-04-11 07:32:50,192.168.3.100,10.0.3.245,TCP,8080,1.5,150.94,175,2,normal,0,0,0
2025-04-11 01:00:47,192.168.5.181,10.0.2.194,ICMP,8080,24.92,435.74,118,2,normal,0,0,0
2025-04-12 23:38:12,192.168.0.48,10.0.1.189,ICMP,80,29.51,154.15,50,0,normal,0,0,0
2025-04-12 12:02:27,192.168.0.85,10.0.3.182,TCP,80,25.4,73.73,154,1,normal,0,0,0
2025-04-12 04:59:20,192.168.4.141,10.0.2.19,TCP,8080,9.1,311.65,174,2,normal,0,0,0
2025-04-12 07:11:33,192.168.0.90,10.0.1.227,TCP,22,16.16,88.09,144,2,normal,0,0,0
2025-04-12 10:23:18,192.168.5.3,10.0.0.172,TCP,3389,24.73,269.94,148,2,normal,0,0,0
2025-04-12 07:57:41,192.168.2.98,10.0.0.99,TCP,8080,20.51,129.48,15,2,normal,0,0,0
2025-04-12 23:18:01,192.168.0.76,10.0.1.83,ICMP,80,13.42,262.01,135,1,normal,0,0,0
2025-04-12 03:10:49,192.168.1.222,10.0.3.214,TCP,443,20.14,317.2,58,0,normal,0,0,0
2025-04-12 17:53:44,192.168.0.192,10.0.1.7,UDP,22,24.52,389.85,170,2,normal,0,0,0
2025-04-12 01:05:04,192.168.2.105,10.0.3.116,UDP,3389,24.67,283.46,152,1,normal,0,0,0
2025-04-12 10:01:24,192.168.5.150,10.0.0.180,TCP,22,18.59,12.89,189,2,normal,0,0,0
2025-04-12 16:06:18,192.168.3.98,10.0.3.211,TCP,3389,22.98,307.22,77,1,normal,0,0,0
2025-04-12 05:34:14,192.168.5.37,10.0.2.174,TCP,80,8.92,400.42,144,1,normal,0,0,0
2025-04-12 17:55:35,192.168.4.243,10.0.0.79,TCP,22,11.88,12.46,157,0,normal,0,0,0
2025-04-12 06:26:57,192.168.2.50,10.0.0.47,ICMP,80,6.7,79.8,52,2,normal,0,0,0
2025-04-12 17:29:41,192.168.5.149,10.0.3.244,TCP,22,3.04,339.13,69,1,normal,0,0,0
2025-04-12 04:42:41,192.168.3.85,10.0.2.178,ICMP,443,9.6,313.56,54,1,normal,0,0,0
2025-04-12 18:36:23,192.168.1.183,10.0.3.71,TCP,443,7.46,92.63,85,1,normal,0,0,0
2025-04-12 21:46:21,192.168.0.45,10.0.0.216,TCP,443,14.66,228.23,83,1,normal,0,0,0
2025-04-12 17:12:16,192.168.4.162,10.0.0.209,ICMP,8080,26.77,47.47,24,2,normal,0,0,0
2025-04-12 12:49:37,192.168.4.121,10.0.1.94,UDP,443,26.83,280.28,144,0,normal,0,0,0
2025-04-12 18:46:54,192.168.4.3,10.0.1.218,ICMP,443,11.96,255.55,28,1,normal,0,0,0
2025-04-12 16:08:28,192.168.1.189,10.0.3.241,TCP,80,26.18,474.87,173,2,normal,0,0,0
2025-04-12 07:48:31,192.168.4.233,10.0.2.100,UDP,3389,20.09,191.02,15,1,normal,0,0,0
2025-04-12 01:02:41,192.168.5.68,10.0.1.97,UDP,22,24.91,484.54,167,2,normal,0,0,0
2025-04-12 18:41:57,192.168.2.210,10.0.2.125,UDP,8080,15.54,133.28,62,2,normal,0,0,0
2025-04-12 00:32:56,192.168.1.39,10.0.1.41,TCP,8080,19.34,122.7,136,0,normal,0,0,0
2025-04-12 22:52:07,192.168.5.123,10.0.3.54,ICMP,443,3.49,407.47,189,1,normal,0,0,0
2025-04-12 20:53:26,192.168.5.132,10.0.0.229,ICMP,443,4.92,72.66,156,0,normal,0,0,0
2025-04-12 01:10:16,192.168.5.5,10.0.2.243,TCP,443,29.08,479.54,158,2,normal,0,0,0
2025-04-12 14:38:30,192.168.4.211,10.0.1.160,ICMP,22,18.07,117.49,110,0,normal,0,0,0
2025-04-12 05:46:43,192.168.3.34,10.0.0.5,TCP,8080,6.97,302.3,22,1,normal,0,0,0
2025-04-13 16:43:26,192.168.4.10,10.0.0.24,UDP,443,27.06,57.19,126,2,normal,0,0,0
2025-04-13 19:34:52,192.168.0.179,10.0.3.59,UDP,3389,12.68,328.12,138,2,normal,0,0,0
2025-04-13 11:37:51,192.168.3.197,10.0.1.233,TCP,22,4.1,292.3,113,2,normal,0,0,0
2025-04-13 19:56:34,192.168.4.134,10.0.0.134,TCP,3389,23.7,12.68,195,0,normal,0,0,0
2025-04-13 20:13:44,192.168.4.65,10.0.2.219,ICMP,3389,12.84,187.51,44,1,normal,0,0,0
2025-04-13 18:23:39,192.168.4.124,10.0.1.95,ICMP,8080,12.46,204.75,57,2,normal,0,0,0
2025-04-13 15:16:19,192.168.5.31,10.0.1.115,TCP,80,25.66,205.08,40,2,normal,0,0,0
2025-04-13 06:32:25,192.168.1.100,10.0.0.206,TCP,443,21.23,310.87,180,2,normal,0,0,0
2025-04-13 15:59:38,192.168.0.186,10.0.3.239,UDP,8080,2.49,138.92,99,0,normal,0,0,0
2025-04-13 20:33:18,192.168.3.3,10.0.1.218,ICMP,22,19.24,38.16,49,2,normal,0,0,0
2025-04-13 06:02:50,192.168.0.93,10.0.1.168,TCP,443,5.17,352.24,162,2,normal,0,0,0
2025-04-13 02:17:49,192.168.0.189,10.0.0.236,TCP,8080,6.09,203.62,155,2,normal,0,0,0
2025-04-13 09:46:53,192.168.1.117,10.0.3.148,TCP,22,6.87,180.57,75,2,normal,0,0,0
2025-04-13 05:26:32,192.168.4.245,10.0.2.225,ICMP,8080,28.42,256.55,92,0,normal,0,0,0
2025-04-13 08:44:28,192.168.3.175,10.0.3.230,ICMP,80,22.75,246.98,67,2,normal,0,0,0
2025-04-13 15:07:16,192.168.1.205,10.0.2.106,TCP,8080,20.34,396.44,61,2,normal,0,0,0
2025-04-13 17:00:44,192.168.2.20,10.0.1.122,TCP,22,20.24,150.77,107,0,normal,0,0,0
2025-04-13 06:57:36,192.168.1.61,10.0.1.224,TCP,443,15.02,344.72,53,2,normal,0,0,0
2025-04-13 07:12:53,192.168.0.174,10.0.3.158,TCP,8080,3.68,184.45,32,2,normal,0,0,0
2025-04-13 01:54:30,192.168.3.47,10.0.2.102,TCP,8080,26.08,251.25,152,1,normal,0,0,0
2025-04-13 04:03:33,192.168.3.221,10.0.1.118,TCP,8080,15.12,470.43,13,1,normal,0,0,0
2025-04-13 14:20:44,192.168.2.157,10.0.2.48,ICMP,22,3.11,113.27,153,2,normal,0,0,0
2025-04-13 07:17:30,192.168.3.180,10.0.2.94,UDP,22,12.78,189.3,132,1,normal,0,0,0
2025-04-13 14:11:36,192.168.1.143,10.0.3.220,UDP,443,21.65,346.15,30,2,normal,0,0,0
2025-04-13 04:51:47,192.168.5.133,10.0.2.202,UDP,22,4.12,96.54,132,0,normal,0,0,0
2025-04-13 08:35:54,192.168.2.122,10.0.0.116,TCP,22,1.9,58.5,46,1,normal,0,0,0
2025-04-13 11:23:35,192.168.5.247,10.0.1.148,ICMP,8080,3.73,178.63,110,1,normal,0,0,0
2025-04-13 05:49:18,192.168.0.98,10.0.2.119,TCP,443,13.46,260.12,193,2,normal,0,0,0
2025-04-13 20:51:59,192.168.0.21,10.0.1.88,TCP,22,25.48,310.03,108,2,normal,0,0,0
2025-04-13 10:41:18,192.168.2.192,10.0.3.106,TCP,443,26.64,325.88,74,2,normal,0,0,0
2025-04-13 00:08:46,192.168.1.43,10.0.3.27,TCP,80,22.52,470.81,184,1,normal,0,0,0
2025-04-13 15:35:03,192.168.4.40,10.0.0.168,UDP,22,3.21,266.75,26,1,normal,0,0,0
2025-04-14 07:15:47,192.168.0.9,10.0.2.221,TCP,3389,25.17,71.94,139,2,normal,0,0,0
2025-04-14 14:55:34,192.168.4.153,10.0.3.162,ICMP,3389,16.22,227.97,183,2,normal,0,0,0
2025-04-14 16:40:40,192.168.3.79,10.0.2.106,TCP,443,24.16,246.01,63,1,normal,0,0,0
2025-04-14 09:00:00,192.168.5.237,10.0.3.243,UDP,22,16.1,178.5,125,0,normal,0,0,0
2025-04-14 00:49:27,192.168.1.106,10.0.3.102,TCP,443,16.49,123.3,6,2,normal,0,0,0
2025-04-14 22:47:41,192.168.1.133,10.0.2.73,ICMP,22,12.72,118.09,25,1,normal,0,0,0
2025-04-14 13:12:54,192.168.3.70,10.0.3.49,TCP,80,13.71,151.9,168,0,normal,0,0,0
2025-04-14 04:03:34,192.168.5.3,10.0.1.24,TCP,80,21.48,148.24,37,0,normal,0,0,0
2025-04-14 15:13:21,192.168.0.85,10.0.0.216,TCP,80,20.94,499.0,123,1,normal,0,0,0
2025-04-14 08:49:25,192.168.0.32,10.0.1.99,UDP,443,24.54,98.99,69,1,normal,0,0,0
2025-04-14 23:02:12,192.168.5.247,10.0.2.240,TCP,443,14.24,265.36,58,0,normal,0,0,0
2025-04-14 20:46:02,192.168.2.51,10.0.2.228,TCP,443,14.49,265.25,69,2,normal,0,0,0
2025-04-14 03:15:40,192.168.3.203,10.0.1.3,TCP,8080,17.58,92.01,75,0,normal,0,0,0
2025-04-14 22:30:44,192.168.0.176,10.0.2.239,TCP,80,4.82,387.69,68,1,normal,0,0,0
2025-04-14 11:41:09,192.168.4.202,10.0.2.207,UDP,443,9.57,71.66,64,0,normal,0,0,0
2025-04-14 00:44:24,192.168.3.144,10.0.2.139,UDP,443,14.61,132.84,15,0,normal,0,0,0
2025-04-14 18:11:34,192.168.4.42,10.0.0.136,TCP,3389,27.44,239.51,158,2,normal,0,0,0
2025-04-14 09:52:16,192.168.5.48,10.0.0.159,TCP,8080,15.23,10.35,168,1,normal,0,0,0
2025-04-14 07:20:46,192.168.3.197,10.0.1.157,TCP,22,15.77,411.33,53,2,normal,0,0,0
2025-04-14 13:41:20,192.168.1.46,10.0.0.52,TCP,3389,25.07,332.86,16,2,normal,0,0,0
2025-04-14 06:06:02,192.168.4.66,10.0.0.94,TCP,8080,18.76,332.38,139,1,normal,0,0,0
2025-04-14 22:04:00,192.168.5.16,10.0.2.143,UDP,22,14.09,331.32,25,0,normal,0,0,0
2025-04-14 22:03:52,192.168.0.242,10.0.1.246,ICMP,80,25.05,29.92,23,2,normal,0,0,0
2025-04-14 03:46:14,192.168.5.243,10.0.1.143,ICMP,3389,7.54,104.63,173,0,normal,0,0,0
2025-04-14 23:06:49,192.168.0.43,10.0.1.141,UDP,8080,19.99,340.5,184,1,normal,0,0,0
2025-04-14 10:42:10,192.168.4.254,10.0.2.217,TCP,3389,27.08,227.08,95,2,normal,0,0,0
2025-04-14 20:27:52,192.168.4.238,10.0.2.93,UDP,3389,6.5,127.95,144,2,normal,0,0,0
2025-04-14 12:00:46,192.168.2.2,10.0.2.253,TCP,443,4.14,301.92,137,1,normal,0,0,0
2025-04-14 10:01:49,192.168.4.238,10.0.1.25,TCP,3389,15.39,412.95,146,2,normal,0,0,0
2025-04-14 11:09:08,192.168.0.147,10.0.3.146,TCP,80,24.35,132.43,70,2,normal,0,0,0
2025-04-14 23:20:50,192.168.0.153,10.0.2.10,ICMP,3389,21.12,414.6,181,1,normal,0,0,0
2025-04-14 02:49:03,192.168.0.223,10.0.1.192,ICMP,80,12.55,180.49,116,1,normal,0,0,0
2025-04-15 20:49:40,192.168.1.84,10.0.1.40,TCP,3389,16.24,266.95,86,1,normal,0,0,0
2025-04-15 14:48:38,192.168.1.34,10.0.2.22,UDP,8080,23.61,118.82,79,0,normal,0,0,0
2025-04-15 23:03:35,192.168.1.196,10.0.1.124,ICMP,443,23.24,205.28,116,0,normal,0,0,0
2025-04-15 15:25:41,192.168.1.19,10.0.2.199,UDP,22,15.78,311.84,193,2,normal,0,0,0
2025-04-15 21:59:36,192.168.2.89,10.0.0.198,TCP,443,10.51,212.66,98,2,normal,0,0,0
2025-04-15 11:39:52,192.168.1.52,10.0.2.40,TCP,80,1.44,315.36,117,1,scan_port,0,0,1
2025-04-15 23:03:15,192.168.5.206,10.0.0.79,UDP,3389,0.51,435.69,78,0,normal,0,0,0
2025-04-15 00:21:13,192.168.4.124,10.0.1.178,TCP,3389,22.54,109.86,138,0,normal,0,0,0
2025-04-15 18:57:42,192.168.5.159,10.0.2.14,UDP,80,6.1,93.46,77,1,normal,0,0,0
2025-04-15 02:24:42,192.168.5.99,10.0.1.251,UDP,8080,0.67,186.51,32,2,normal,0,0,0
2025-04-15 22:06:57,192.168.3.144,10.0.0.11,TCP,8080,6.05,270.46,52,2,normal,0,0,0
2025-04-15 09:21:31,192.168.5.78,10.0.1.251,ICMP,22,10.62,19.0,180,0,normal,0,0,0
2025-04-15 01:40:16,192.168.2.230,10.0.3.169,TCP,80,6.84,472.63,76,0,normal,0,0,0
2025-04-15 23:24:33,192.168.1.147,10.0.1.110,TCP,8080,6.9,437.62,180,2,normal,0,0,0
2025-04-15 10:28:34,192.168.1.221,10.0.1.80,ICMP,443,20.55,77.9,143,2,normal,0,0,0
2025-04-15 13:58:49,192.168.4.243,10.0.0.48,TCP,443,2.13,459.38,86,2,normal,0,0,0
2025-04-15 23:01:48,192.168.5.239,10.0.2.39,TCP,80,13.35,480.99,82,1,normal,0,0,0
2025-04-15 04:11:01,192.168.1.153,10.0.1.60,TCP,22,17.05,312.3,160,2,normal,0,0,0
2025-04-15 02:44:49,192.168.2.48,10.0.3.126,UDP,443,21.39,424.61,125,2,normal,0,0,0
2025-04-15 05:12:14,192.168.5.253,10.0.1.194,TCP,80,6.75,463.46,110,0,normal,0,0,0
2025-04-15 05:59:28,192.168.3.104,10.0.0.156,UDP,22,26.64,347.05,122,1,normal,0,0,0
2025-04-15 12:39:47,192.168.4.28,10.0.3.117,TCP,443,23.63,267.36,185,2,normal,0,0,0
2025-04-15 16:34:25,192.168.0.49,10.0.2.113,UDP,22,22.98,283.27,137,0,scan_port,0,0,1
2025-04-15 09:29:10,192.168.1.119,10.0.3.24,ICMP,80,15.56,460.33,181,2,normal,0,0,0
2025-04-15 05:49:37,192.168.3.7,10.0.1.117,ICMP,443,12.47,277.74,105,2,normal,0,0,0
2025-04-15 14:05:16,192.168.0.24,10.0.0.181,UDP,22,21.58,454.51,46,2,normal,0,0,0
2025-04-15 02:33:45,192.168.3.12,10.0.1.234,TCP,8080,11.42,309.92,45,2,normal,0,0,0
2025-04-15 21:55:09,192.168.2.80,10.0.3.74,TCP,80,1.63,97.64,187,0,normal,0,0,0
2025-04-15 04:12:00,192.168.4.207,10.0.0.156,UDP,443,25.68,15.98,132,1,normal,0,0,0
2025-04-15 06:37:42,192.168.1.226,10.0.2.159,ICMP,443,18.04,226.52,158,1,normal,0,0,0
2025-04-15 01:11:09,192.168.4.77,10.0.2.236,TCP,80,20.04,27.99,13,1,normal,0,0,0
2025-04-15 03:26:11,192.168.4.202,10.0.1.248,UDP,8080,21.03,309.43,182,1,normal,0,0,0
2025-04-16 11:59:02,192.168.3.216,10.0.0.75,UDP,443,24.63,168.18,102,1,normal,0,0,0
2025-04-16 03:44:55,192.168.4.15,10.0.0.147,ICMP,80,20.91,212.74,58,2,normal,0,0,0
2025-04-16 15:46:44,192.168.2.135,10.0.2.238,TCP,8080,25.45,150.72,160,2,normal,0,0,0
2025-04-16 18:31:33,192.168.1.182,10.0.2.251,TCP,80,26.52,251.33,51,1,normal,0,0,0
2025-04-16 03:01:29,192.168.3.106,10.0.0.86,TCP,8080,24.01,371.36,58,0,normal,0,0,0
2025-04-16 20:13:00,192.168.4.141,10.0.2.197,TCP,80,9.3,148.0,22,2,normal,0,0,0
2025-04-16 21:21:21,192.168.1.85,10.0.2.237,UDP,3389,24.98,311.84,12,2,normal,0,0,0
2025-04-16 01:41:08,192.168.3.201,10.0.3.238,TCP,8080,26.89,235.7,142,2,normal,0,0,0
2025-04-16 09:36:46,192.168.2.205,10.0.2.17,TCP,22,17.36,272.58,58,2,normal,0,0,0
2025-04-16 00:21:24,192.168.0.222,10.0.2.181,TCP,80,5.7,289.78,104,0,normal,0,0,0
2025-04-16 08:26:05,192.168.2.45,10.0.0.96,TCP,443,6.56,192.08,82,0,normal,0,0,0
2025-04-16 02:28:32,192.168.3.188,10.0.2.199,TCP,443,5.79,453.43,44,1,normal,0,0,0
2025-04-16 03:52:33,192.168.5.222,10.0.0.2,TCP,80,13.84,110.54,14,0,normal,0,0,0
2025-04-16 21:54:38,192.168.5.191,10.0.2.6,ICMP,22,3.18,238.77,16,1,normal,0,0,0
2025-04-16 20:57:13,192.168.3.172,10.0.0.70,TCP,443,9.64,150.42,141,0,normal,0,0,0
2025-04-16 08:07:00,192.168.4.82,10.0.2.37,TCP,8080,16.32,261.89,57,2,normal,0,0,0
2025-04-16 07:10:04,192.168.3.232,10.0.0.28,UDP,80,3.99,274.88,17,1,normal,0,0,0
2025-04-16 02:27:25,192.168.5.115,10.0.2.80,TCP,443,25.1,446.73,166,2,normal,0,0,0
2025-04-16 22:48:42,192.168.4.34,10.0.0.209,UDP,80,22.96,487.1,198,0,normal,0,0,0
2025-04-16 14:19:43,192.168.4.67,10.0.2.101,TCP,22,4.4,240.57,62,1,normal,0,0,0
2025-04-16 10:29:31,192.168.1.73,10.0.2.155,ICMP,443,13.89,65.31,127,1,normal,0,0,0
2025-04-16 16:06:25,192.168.2.137,10.0.3.103,ICMP,3389,2.22,169.68,171,0,normal,0,0,0
2025-04-16 07:39:15,192.168.5.152,10.0.3.201,UDP,8080,6.33,198.07,92,1,normal,0,0,0
2025-04-16 10:34:44,192.168.4.215,10.0.3.30,ICMP,8080,27.93,338.11,194,2,normal,0,0,0
2025-04-16 14:20:35,192.168.0.176,10.0.3.84,UDP,80,2.18,96.33,108,1,normal,0,0,0
2025-04-16 02:13:52,192.168.1.170,10.0.1.116,ICMP,22,24.31,452.6,167,2,normal,0,0,0
2025-04-16 12:39:36,192.168.5.78,10.0.3.184,TCP,80,9.06,343.94,86,0,normal,0,0,0
2025-04-16 18:00:39,192.168.4.248,10.0.0.1,ICMP,22,1.97,425.34,80,1,scan_port,0,0,1
2025-04-16 03:55:18,192.168.2.183,10.0.3.104,UDP,3389,11.89,221.54,156,0,normal,0,0,0
2025-04-16 17:13:42,192.168.2.216,10.0.3.40,TCP,443,25.32,102.23,103,0,normal,0,0,0
2025-04-16 04:00:04,192.168.1.22,10.0.1.165,UDP,3389,19.77,363.46,129,0,normal,0,0,0
2025-04-16 22:38:59,192.168.3.99,10.0.2.58,TCP,3389,16.61,232.65,113,0,normal,0,0,0
2025-04-17 19:00:36,192.168.4.148,10.0.2.9,TCP,8080,8.15,126.01,133,2,normal,0,0,0
2025-04-17 15:45:23,192.168.5.135,10.0.2.120,ICMP,80,4.35,481.25,25,1,normal,0,0,0
2025-04-17 16:56:39,192.168.0.176,10.0.2.157,TCP,22,28.82,319.02,174,1,normal,0,0,0
2025-04-17 17:49:00,192.168.3.91,10.0.2.75,TCP,80,22.04,453.97,151,2,normal,0,0,0
2025-04-17 22:59:38,192.168.3.149,10.0.1.147,TCP,22,1.94,394.66,71,2,normal,0,0,0
2025-04-17 23:39:01,192.168.2.65,10.0.1.158,TCP,22,25.56,72.14,24,0,normal,0,0,0
2025-04-17 08:00:47,192.168.3.95,10.0.1.67,TCP,3389,4.62,455.96,194,0,normal,0,0,0
2025-04-17 05:51:33,192.168.1.215,10.0.3.193,UDP,3389,17.91,492.2,42,1,normal,0,0,0
2025-04-17 07:42:28,192.168.0.165,10.0.2.194,TCP,80,25.27,113.32,192,0,normal,0,0,0
2025-04-17 05:29:25,192.168.1.98,10.0.3.122,TCP,443,27.68,375.61,197,1,normal,0,0,0
2025-04-17 16:55:27,192.168.5.245,10.0.0.25,ICMP,22,28.86,197.18,85,1,normal,0,0,0
2025-04-17 13:39:58,192.168.2.168,10.0.3.119,TCP,8080,24.09,174.13,73,1,normal,0,0,0
2025-04-17 06:33:21,192.168.0.4,10.0.3.26,ICMP,80,20.22,163.5,7,0,normal,0,0,0
2025-04-17 21:28:22,192.168.0.15,10.0.1.244,ICMP,80,0.81,133.43,13,1,normal,0,0,0
2025-04-17 22:07:05,192.168.4.206,10.0.1.230,TCP,443,27.01,194.22,200,0,normal,0,0,0
2025-04-17 08:18:29,192.168.5.232,10.0.2.66,TCP,80,23.1,323.0,75,0,normal,0,0,0
2025-04-17 08:49:03,192.168.2.46,10.0.3.18,UDP,443,28.67,498.02,71,1,normal,0,0,0
2025-04-17 19:25:11,192.168.5.28,10.0.3.184,TCP,80,6.63,80.5,115,0,normal,0,0,0
2025-04-17 01:04:04,192.168.1.168,10.0.0.239,TCP,3389,26.91,390.85,9,1,normal,0,0,0
2025-04-17 08:09:44,192.168.3.123,10.0.3.104,TCP,8080,21.26,291.57,136,1,normal,0,0,0
2025-04-17 07:00:24,192.168.2.86,10.0.2.103,TCP,80,28.06,69.39,142,1,normal,0,0,0
2025-04-17 11:34:54,192.168.5.52,10.0.1.142,TCP,3389,23.02,422.18,199,0,normal,0,0,0
2025-04-17 21:12:19,192.168.5.113,10.0.1.36,TCP,443,14.65,319.0,96,0,normal,0,0,0
2025-04-17 00:46:37,192.168.3.137,10.0.3.248,TCP,80,19.34,40.87,143,1,normal,0,0,0
2025-04-17 10:03:21,192.168.5.134,10.0.3.241,ICMP,443,24.23,208.7,59,0,normal,0,0,0
2025-04-17 23:37:14,192.168.3.233,10.0.0.63,TCP,80,19.65,370.38,130,0,normal,0,0,0
2025-04-17 05:40:03,192.168.0.210,10.0.0.30,UDP,8080,25.08,233.53,48,0,normal,0,0,0
2025-04-17 19:14:04,192.168.2.31,10.0.1.83,TCP,80,20.38,175.3,193,1,normal,0,0,0
2025-04-17 18:11:21,192.168.2.142,10.0.1.113,TCP,8080,5.12,79.21,111,1,normal,0,0,0
2025-04-17 01:08:06,192.168.3.21,10.0.0.2,TCP,80,0.57,310.1,45,2,normal,0,0,0
2025-04-17 22:41:37,192.168.1.37,10.0.2.134,UDP,3389,20.8,349.82,126,1,normal,0,0,0
2025-04-17 07:11:39,192.168.0.161,10.0.2.90,UDP,80,18.4,98.2,132,2,normal,0,0,0
2025-04-18 17:15:12,192.168.4.130,10.0.1.119,TCP,22,10.92,488.63,163,2,normal,0,0,0
2025-04-18 01:12:07,192.168.1.172,10.0.0.14,TCP,22,14.98,423.45,126,2,normal,0,0,0
2025-04-18 06:27:16,192.168.4.46,10.0.1.202,TCP,3389,1.67,31.23,194,1,normal,0,0,0
2025-04-18 16:07:04,192.168.1.192,10.0.2.59,TCP,22,9.85,227.96,153,2,normal,0,0,0
2025-04-18 07:06:15,192.168.4.125,10.0.0.228,UDP,443,2.3,194.01,61,0,normal,0,0,0
2025-04-18 06:59:39,192.168.5.92,10.0.2.52,TCP,443,21.62,193.01,122,1,normal,0,0,0
2025-04-18 01:44:36,192.168.1.195,10.0.2.57,TCP,8080,13.81,64.44,124,0,normal,0,0,0
2025-04-18 05:50:50,192.168.1.23,10.0.3.220,ICMP,3389,29.11,453.73,152,2,normal,0,0,0
2025-04-18 06:37:30,192.168.1.64,10.0.2.112,ICMP,443,22.11,17.11,114,1,normal,0,0,0
2025-04-18 18:09:58,192.168.3.188,10.0.0.109,ICMP,3389,1.3,214.71,16,0,normal,0,0,0
2025-04-18 15:51:51,192.168.0.178,10.0.3.244,TCP,443,2.58,231.7,66,0,normal,0,0,0
2025-04-18 11:18:15,192.168.5.118,10.0.0.250,UDP,3389,9.21,17.81,176,0,normal,0,0,0
2025-04-18 04:55:45,192.168.5.19,10.0.3.229,TCP,8080,19.04,317.14,185,1,normal,0,0,0
2025-04-18 01:18:27,192.168.1.202,10.0.0.159,TCP,80,17.3,473.59,143,2,normal,0,0,0
2025-04-18 16:58:43,192.168.0.94,10.0.2.45,ICMP,80,14.01,64.37,98,0,normal,0,0,0
2025-04-18 17:45:49,192.168.5.241,10.0.1.193,TCP,22,19.51,126.93,34,1,normal,0,0,0
2025-04-18 11:57:17,192.168.3.125,10.0.0.121,ICMP,8080,11.25,145.8,21,1,normal,0,0,0
2025-04-18 09:28:39,192.168.3.23,10.0.0.101,TCP,22,5.73,473.23,21,2,normal,0,0,0
2025-04-18 02:06:10,192.168.4.244,10.0.0.76,UDP,8080,26.26,82.5,43,2,normal,0,0,0
2025-04-18 04:30:22,192.168.0.224,10.0.1.214,ICMP,22,5.75,325.9,79,2,normal,0,0,0
2025-04-18 13:37:21,192.168.4.114,10.0.3.78,ICMP,443,20.94,248.21,175,1,normal,0,0,0
2025-04-18 09:10:50,192.168.0.38,10.0.2.73,UDP,443,23.12,192.23,78,1,normal,0,0,0
2025-04-18 19:59:10,192.168.5.232,10.0.1.42,TCP,80,25.2,99.32,49,1,normal,0,0,0
2025-04-18 01:20:36,192.168.0.171,10.0.2.251,TCP,443,16.92,191.14,57,1,normal,0,0,0
2025-04-18 11:28:34,192.168.3.197,10.0.1.243,UDP,22,12.2,157.76,11,2,normal,0,0,0
2025-04-18 04:00:47,192.168.2.249,10.0.1.205,ICMP,3389,8.94,172.33,185,2,normal,0,0,0
2025-04-18 10:44:07,192.168.0.103,10.0.1.115,TCP,80,3.59,78.32,146,0,normal,0,0,0
2025-04-18 10:03:38,192.168.0.138,10.0.3.174,TCP,8080,5.95,267.95,76,2,normal,0,0,0
2025-04-18 12:12:31,192.168.2.102,10.0.1.184,UDP,22,27.26,260.66,19,2,normal,0,0,0
2025-04-18 12:23:00,192.168.0.56,10.0.3.190,UDP,3389,26.24,160.96,119,1,normal,0,0,0
2025-04-18 09:10:51,192.168.4.154,10.0.0.37,TCP,22,4.27,367.02,111,1,normal,0,0,0
2025-04-18 15:55:33,192.168.0.2,10.0.3.164,TCP,3389,22.71,467.24,156,0,scan_port,0,0,1
2025-04-19 05:35:29,192.168.3.11,10.0.2.214,ICMP,22,8.75,107.64,102,0,normal,0,0,0
2025-04-19 15:35:47,192.168.5.214,10.0.3.32,TCP,3389,7.95,397.7,44,0,normal,0,0,0
2025-04-19 05:31:58,192.168.0.154,10.0.2.149,UDP,8080,8.39,23.94,200,0,normal,0,0,0
2025-04-19 13:55:16,192.168.5.148,10.0.0.217,TCP,443,11.26,487.39,35,1,normal,0,0,0
2025-04-19 18:03:09,192.168.2.108,10.0.2.13,TCP,22,1.68,76.39,46,2,normal,0,0,0
2025-04-19 16:40:59,192.168.4.193,10.0.1.140,TCP,22,22.96,385.56,51,0,normal,0,0,0
2025-04-19 21:51:19,192.168.2.211,10.0.1.4,TCP,8080,16.08,347.29,29,2,normal,0,0,0
2025-04-19 09:23:49,192.168.1.129,10.0.1.213,TCP,8080,3.16,461.24,46,1,normal,0,0,0
2025-04-19 19:44:53,192.168.0.107,10.0.3.235,TCP,80,22.71,359.15,184,2,normal,0,0,0
2025-04-19 04:59:01,192.168.4.134,10.0.2.45,TCP,80,24.53,348.61,40,1,normal,0,0,0
2025-04-19 23:52:07,192.168.1.34,10.0.0.109,TCP,80,9.29,79.76,63,2,normal,0,0,0
2025-04-19 00:49:30,192.168.4.152,10.0.0.121,TCP,22,23.81,106.21,13,0,normal,0,0,0
2025-04-19 01:04:19,192.168.1.48,10.0.2.8,TCP,443,6.24,393.36,159,0,normal,0,0,0
2025-04-19 23:17:37,192.168.4.146,10.0.0.26,ICMP,80,18.43,429.02,191,0,normal,0,0,0
2025-04-19 16:13:45,192.168.5.26,10.0.1.236,ICMP,3389,16.16,94.17,198,1,normal,0,0,0
2025-04-19 11:44:37,192.168.3.109,10.0.1.132,TCP,3389,25.06,479.3,51,2,normal,0,0,0
2025-04-19 03:48:20,192.168.5.74,10.0.0.22,TCP,3389,22.89,264.67,131,0,normal,0,0,0
2025-04-19 03:24:18,192.168.3.75,10.0.3.49,TCP,3389,6.85,162.88,118,2,normal,0,0,0
2025-04-19 21:23:11,192.168.4.169,10.0.0.31,TCP,3389,11.95,250.91,31,2,normal,0,0,0
2025-04-19 12:44:37,192.168.1.87,10.0.1.153,UDP,80,2.03,463.39,48,2,normal,0,0,0
2025-04-19 07:53:27,192.168.5.242,10.0.3.92,UDP,8080,17.85,384.76,153,1,normal,0,0,0
2025-04-19 12:31:32,192.168.1.161,10.0.1.8,TCP,80,14.73,62.94,69,1,normal,0,0,0
2025-04-19 02:31:43,192.168.2.160,10.0.0.195,TCP,8080,9.88,197.49,178,0,normal,0,0,0
2025-04-19 15:50:29,192.168.2.208,10.0.0.244,TCP,3389,7.92,253.97,134,2,normal,0,0,0
2025-04-19 03:24:28,192.168.4.169,10.0.2.227,TCP,3389,1.08,226.85,14,1,normal,0,0,0
2025-04-19 13:08:19,192.168.5.142,10.0.3.122,ICMP,443,20.28,384.37,150,1,normal,0,0,0
2025-04-19 16:03:25,192.168.2.83,10.0.0.8,ICMP,80,20.33,485.73,162,2,normal,0,0,0
2025-04-19 04:53:23,192.168.2.98,10.0.0.110,TCP,22,26.75,296.14,200,2,normal,0,0,0
2025-04-19 13:22:03,192.168.5.17,10.0.2.30,TCP,443,17.82,124.96,84,0,normal,0,0,0
2025-04-19 00:34:20,192.168.3.69,10.0.0.179,UDP,8080,15.49,433.05,150,2,normal,0,0,0
2025-04-19 00:20:24,192.168.5.53,10.0.2.128,ICMP,22,3.09,290.54,130,1,normal,0,0,0
2025-04-19 05:39:19,192.168.0.216,10.0.1.74,TCP,80,25.44,108.86,167,1,normal,0,0,0
2025-04-20 09:36:25,192.168.4.25,10.0.2.70,TCP,8080,21.56,374.02,28,2,normal,0,0,0
2025-04-20 16:30:27,192.168.2.111,10.0.2.52,UDP,3389,15.19,329.25,82,0,normal,0,0,0
2025-04-20 08:39:32,192.168.4.221,10.0.1.148,UDP,443,18.87,98.49,9,2,normal,0,0,0
2025-04-20 21:52:47,192.168.3.240,10.0.0.134,TCP,22,24.29,469.21,141,1,normal,0,0,0
2025-04-20 14:09:15,192.168.0.163,10.0.1.217,UDP,22,12.37,385.11,116,2,normal,0,0,0
2025-04-20 09:41:10,192.168.1.8,10.0.1.205,TCP,3389,3.5,125.7,66,2,normal,0,0,0
2025-04-20 15:35:27,192.168.2.203,10.0.2.169,ICMP,443,4.18,108.98,74,0,normal,0,0,0
2025-04-20 20:54:02,192.168.0.81,10.0.2.222,TCP,3389,25.8,393.29,19,1,normal,0,0,0
2025-04-20 11:42:42,192.168.1.29,10.0.0.134,ICMP,8080,25.3,472.15,190,1,normal,0,0,0
2025-04-20 08:31:56,192.168.4.189,10.0.3.207,TCP,3389,9.95,69.92,85,2,normal,0,0,0
2025-04-20 06:09:06,192.168.0.126,10.0.2.180,TCP,22,25.9,225.34,70,1,normal,0,0,0
2025-04-20 17:27:30,192.168.5.95,10.0.2.6,ICMP,80,10.95,440.92,42,1,normal,0,0,0
2025-04-20 23:42:51,192.168.4.99,10.0.2.164,TCP,80,7.27,459.55,176,2,normal,0,0,0
2025-04-20 17:55:15,192.168.2.78,10.0.0.240,TCP,22,27.83,13.85,105,1,normal,0,0,0
2025-04-20 06:55:56,192.168.0.71,10.0.0.211,UDP,3389,12.25,319.36,169,1,normal,0,0,0
2025-04-20 23:26:59,192.168.5.67,10.0.0.91,UDP,8080,24.75,216.96,30,2,normal,0,0,0
2025-04-20 23:52:35,192.168.5.48,10.0.3.203,TCP,80,1.66,350.65,200,1,normal,0,0,0
2025-04-20 12:12:40,192.168.5.249,10.0.1.217,ICMP,3389,7.56,50.29,45,2,normal,0,0,0
2025-04-20 10:28:30,192.168.2.205,10.0.2.51,TCP,3389,17.83,137.73,180,0,normal,0,0,0
2025-04-20 11:11:25,192.168.5.157,10.0.1.233,TCP,3389,27.7,120.0,10,2,normal,0,0,0
2025-04-20 06:16:44,192.168.1.23,10.0.2.44,ICMP,80,18.05,206.51,114,0,normal,0,0,0
2025-04-20 00:45:33,192.168.5.53,10.0.1.243,TCP,22,3.64,415.36,131,1,normal,0,0,0
2025-04-20 23:31:24,192.168.1.108,10.0.1.105,TCP,80,21.83,304.04,77,0,normal,0,0,0
2025-04-20 09:16:15,192.168.0.3,10.0.3.35,TCP,3389,19.45,191.12,180,0,normal,0,0,0
2025-04-20 21:13:45,192.168.4.16,10.0.0.86,TCP,3389,2.28,370.69,70,1,normal,0,0,0
2025-04-20 11:38:42,192.168.4.159,10.0.3.78,UDP,22,0.26,357.69,16,2,normal,0,0,0
2025-04-20 04:57:35,192.168.2.225,10.0.3.34,TCP,22,14.84,137.54,133,0,normal,0,0,0
2025-04-20 22:33:27,192.168.2.192,10.0.2.238,UDP,22,15.03,163.5,37,0,normal,0,0,0
2025-04-20 08:39:53,192.168.2.189,10.0.3.196,TCP,8080,26.79,263.32,116,1,normal,0,0,0
2025-04-20 21:40:51,192.168.3.67,10.0.1.181,UDP,3389,5.58,82.82,63,0,normal,0,0,0
2025-04-20 03:57:59,192.168.3.127,10.0.0.217,TCP,80,16.87,184.69,186,1,normal,0,0,0
2025-04-20 11:05:13,192.168.2.145,10.0.1.150,TCP,8080,15.31,419.13,196,0,normal,0,0,0
2025-04-21 18:11:26,91.108.252.175,10.0.0.101,TCP,8080,2.04,3546.09,536,20,ransomware,1,1,1
2025-04-21 03:53:20,192.168.2.153,10.0.0.85,TCP,8080,27.52,143.47,127,0,normal,1,1,0
2025-04-21 14:20:46,62.210.15.191,10.0.0.141,ICMP,3389,17.34,4384.75,859,11,ransomware,1,1,1
2025-04-21 02:25:16,192.168.3.73,10.0.1.31,TCP,3389,10.19,35.86,58,1,normal,1,1,0
2025-04-21 13:47:51,198.199.115.227,10.0.3.122,TCP,8080,31.0,3494.84,576,16,ransomware,1,1,1
2025-04-21 19:27:05,103.21.88.250,10.0.3.174,TCP,443,6.03,2453.48,636,10,scan_port,1,1,1
2025-04-21 15:33:40,198.199.77.39,10.0.1.176,TCP,443,54.48,2606.99,281,14,ransomware,1,1,1
2025-04-21 16:27:18,185.220.119.170,10.0.2.91,TCP,8080,25.78,2810.37,722,6,ransomware,1,1,1
2025-04-21 02:49:32,192.168.3.12,10.0.0.107,TCP,22,47.28,201.86,50,2,normal,1,1,0
2025-04-21 18:46:29,185.220.192.252,10.0.2.224,TCP,3389,13.06,2036.0,391,13,scan_port,1,1,1
2025-04-21 17:01:00,192.168.3.223,10.0.3.78,ICMP,8080,27.88,59.8,127,0,normal,1,1,0
2025-04-21 11:44:43,185.220.209.5,10.0.1.220,TCP,443,1.33,894.36,338,14,scan_port,1,1,1
2025-04-21 15:41:09,198.199.109.6,10.0.0.43,TCP,3389,28.07,887.42,988,11,scan_port,1,1,1
2025-04-21 15:30:01,185.220.27.162,10.0.3.251,UDP,3389,3.53,1826.74,601,11,ransomware,1,1,1
2025-04-21 23:37:38,91.108.157.240,10.0.3.60,TCP,8080,31.04,2693.73,697,6,scan_port,1,1,1
2025-04-21 00:27:36,192.168.0.127,10.0.2.115,UDP,80,53.4,87.68,111,0,normal,1,1,0
2025-04-21 05:18:46,192.168.5.87,10.0.3.34,TCP,3389,13.57,137.05,134,1,normal,1,1,0
2025-04-21 13:53:43,45.33.177.192,10.0.0.171,UDP,443,37.5,4098.9,365,20,scan_port,1,1,1
2025-04-21 05:12:10,94.102.143.13,10.0.0.92,TCP,22,18.57,4743.75,705,18,ransomware,1,1,1
2025-04-21 21:10:11,185.220.144.58,10.0.3.67,TCP,22,37.24,2019.81,316,7,ransomware,1,1,1
2025-04-21 01:49:56,62.210.194.29,10.0.0.201,ICMP,8080,48.04,3678.82,648,8,ransomware,1,1,1
2025-04-21 03:52:35,192.168.2.41,10.0.2.182,UDP,8080,52.32,58.44,35,0,normal,1,1,0
2025-04-21 15:46:55,192.168.1.113,10.0.3.197,TCP,443,7.82,115.48,40,2,normal,1,1,0
2025-04-21 15:21:18,192.168.5.63,10.0.1.193,ICMP,3389,21.96,87.14,111,0,normal,1,1,0
2025-04-21 07:08:51,192.168.2.242,10.0.0.114,TCP,80,47.78,270.44,137,1,normal,1,1,0
2025-04-21 22:51:33,185.220.101.195,10.0.0.170,TCP,8080,10.28,1916.62,990,15,ransomware,1,1,1
2025-04-21 01:40:45,62.210.78.185,10.0.2.233,TCP,80,42.2,2309.01,897,18,scan_port,1,1,1
2025-04-21 08:57:33,103.21.202.159,10.0.3.179,TCP,3389,53.31,2507.85,410,17,ransomware,1,1,1
2025-04-21 06:56:19,192.168.4.73,10.0.1.24,ICMP,8080,31.47,107.0,37,2,normal,1,1,0
2025-04-21 09:33:21,94.102.214.199,10.0.2.186,UDP,8080,35.75,625.51,752,5,ransomware,1,1,1
2025-04-21 03:46:03,185.220.115.77,10.0.0.117,TCP,443,39.23,1057.16,974,16,scan_port,1,1,1
2025-04-21 23:37:36,91.108.147.173,10.0.1.183,UDP,8080,47.19,1846.41,882,16,ransomware,1,1,1
2025-04-21 23:15:06,192.168.1.183,10.0.3.213,UDP,80,27.53,65.84,97,2,normal,1,1,0
2025-04-21 02:03:27,198.199.151.144,10.0.3.224,TCP,8080,40.77,2507.74,578,11,scan_port,1,1,1
2025-04-21 15:40:27,198.199.183.118,10.0.1.248,ICMP,8080,30.59,4207.15,347,18,scan_port,1,1,1
2025-04-22 03:44:13,185.220.155.219,10.0.3.29,TCP,22,110.68,14272.9,2012,15,ransomware,1,2,1
2025-04-22 18:18:02,198.199.8.203,10.0.1.37,ICMP,3389,37.09,5964.02,2033,21,ransomware,1,2,1
2025-04-22 01:59:57,192.168.0.141,10.0.2.18,TCP,3389,59.17,94.08,194,2,normal,1,2,0
2025-04-22 15:36:19,94.102.130.163,10.0.3.195,UDP,3389,16.8,8177.96,2980,22,brute_force,1,2,1
2025-04-22 04:55:46,192.168.0.246,10.0.3.189,TCP,80,41.34,161.02,106,3,normal,1,2,0
2025-04-22 05:45:01,185.220.50.245,10.0.0.246,ICMP,8080,77.63,9293.58,1007,19,exfiltration,1,2,1
2025-04-22 06:48:30,185.220.71.202,10.0.1.63,ICMP,3389,22.39,10557.31,2678,13,ransomware,1,2,1
2025-04-22 02:51:34,94.102.107.7,10.0.2.98,TCP,80,41.45,2584.79,595,28,brute_force,1,2,1
2025-04-22 03:06:34,192.168.3.174,10.0.1.16,ICMP,22,19.35,81.24,27,1,normal,1,2,0
2025-04-22 05:01:45,192.168.2.67,10.0.3.242,TCP,80,50.13,48.51,41,3,normal,1,2,0
2025-04-22 06:15:48,185.220.69.16,10.0.2.119,ICMP,3389,46.82,8612.08,2566,25,ransomware,1,2,1
2025-04-22 02:30:01,94.102.196.143,10.0.1.78,ICMP,3389,81.34,5499.08,2900,10,ransomware,1,2,1
2025-04-22 14:05:54,103.21.244.109,10.0.3.11,TCP,3389,94.06,6852.97,1188,14,ransomware,1,2,1
2025-04-22 19:18:41,45.33.215.175,10.0.3.90,TCP,8080,33.52,14135.59,2475,11,ransomware,1,2,1
2025-04-22 16:18:02,192.168.1.186,10.0.2.225,UDP,443,84.11,127.25,106,0,normal,1,2,0
2025-04-22 19:32:51,192.168.2.63,10.0.2.88,TCP,3389,85.22,257.72,197,2,normal,1,2,0
2025-04-22 19:21:01,185.220.173.45,10.0.3.143,UDP,3389,57.71,13989.35,2993,30,ransomware,1,2,1
2025-04-22 17:05:50,45.33.249.209,10.0.3.212,ICMP,22,81.0,9002.44,2323,12,exfiltration,1,2,1
2025-04-22 12:11:53,198.199.3.57,10.0.0.195,TCP,22,112.41,3621.93,2017,10,exfiltration,1,2,1
2025-04-22 06:05:52,185.220.72.127,10.0.1.2,TCP,3389,116.11,5045.35,2522,17,brute_force,1,2,1
2025-04-22 03:55:17,103.21.145.45,10.0.0.151,TCP,80,80.99,9173.21,2817,15,brute_force,1,2,1
2025-04-22 04:16:59,91.108.6.254,10.0.2.175,ICMP,3389,23.83,11475.69,1623,26,ransomware,1,2,1
2025-04-22 00:27:41,198.199.71.32,10.0.3.127,TCP,8080,52.47,13100.18,1823,11,exfiltration,1,2,1
2025-04-22 01:56:46,192.168.0.101,10.0.1.86,TCP,8080,54.41,368.17,141,2,normal,1,2,0
2025-04-22 00:47:14,45.33.17.161,10.0.0.8,UDP,3389,20.57,13920.94,1306,12,brute_force,1,2,1
2025-04-22 00:37:51,45.33.214.14,10.0.2.134,TCP,80,29.36,5213.0,2439,18,brute_force,1,2,1
2025-04-22 19:39:28,185.220.97.81,10.0.0.201,TCP,80,116.97,9526.15,850,24,exfiltration,1,2,1
2025-04-22 14:03:19,45.33.218.98,10.0.3.25,ICMP,3389,67.55,3323.76,728,12,brute_force,1,2,1
2025-04-22 07:55:38,103.21.159.26,10.0.2.167,TCP,3389,95.62,7894.35,2401,10,exfiltration,1,2,1
2025-04-22 16:21:37,192.168.1.232,10.0.1.164,ICMP,22,9.04,14.79,187,0,normal,1,2,0
2025-04-22 11:26:30,45.33.150.112,10.0.2.80,ICMP,8080,8.2,5160.98,680,15,brute_force,1,2,1
2025-04-22 04:09:30,192.168.5.174,10.0.1.15,TCP,8080,62.6,123.51,7,2,normal,1,2,0
2025-04-22 17:54:03,45.33.49.171,10.0.3.178,UDP,8080,94.45,10327.21,1324,16,ransomware,1,2,1
2025-04-22 22:21:54,198.199.225.203,10.0.0.127,TCP,80,20.31,5895.21,1846,29,brute_force,1,2,1
2025-04-22 20:14:44,192.168.2.207,10.0.3.53,UDP,443,92.43,103.22,193,1,normal,1,2,0
2025-04-22 00:23:00,192.168.1.162,10.0.2.12,TCP,443,35.58,226.33,41,0,normal,1,2,0
2025-04-23 06:18:11,192.168.1.46,10.0.1.6,TCP,22,101.86,290.35,91,2,normal,1,2,0
2025-04-23 03:01:53,94.102.79.117,10.0.1.95,TCP,443,41.27,12236.38,954,30,brute_force,1,2,1
2025-04-23 16:51:39,94.102.137.97,10.0.2.82,ICMP,3389,95.59,3540.41,1035,12,exfiltration,1,2,1
2025-04-23 20:15:58,192.168.2.64,10.0.0.162,TCP,443,94.96,343.23,80,1,normal,1,2,0
2025-04-23 16:37:56,198.199.193.226,10.0.2.128,ICMP,3389,20.92,12200.65,765,12,exfiltration,1,2,1
2025-04-23 05:20:45,192.168.4.103,10.0.0.54,TCP,443,57.38,289.1,131,3,normal,1,2,0
2025-04-23 14:55:15,62.210.96.66,10.0.0.35,TCP,22,19.71,13553.22,2840,23,brute_force,1,2,1
2025-04-23 14:33:22,192.168.3.120,10.0.3.105,TCP,3389,41.03,191.45,164,0,normal,1,2,0
2025-04-23 10:17:24,192.168.0.76,10.0.0.202,TCP,443,10.03,101.18,170,3,normal,1,2,0
2025-04-23 03:07:04,192.168.2.191,10.0.2.49,ICMP,443,40.18,140.17,177,1,normal,1,2,0
2025-04-23 22:47:34,198.199.243.104,10.0.0.121,ICMP,443,94.19,5663.99,1919,19,ransomware,1,2,1
2025-04-23 12:14:14,62.210.120.185,10.0.3.88,TCP,22,94.53,5038.4,2904,25,ransomware,1,2,1
2025-04-23 06:27:49,94.102.148.224,10.0.1.79,TCP,3389,4.58,7702.85,2787,16,brute_force,1,2,1
2025-04-23 21:53:22,192.168.5.138,10.0.2.84,ICMP,80,49.0,176.03,197,3,normal,1,2,0
2025-04-23 18:50:02,103.21.222.101,10.0.3.53,UDP,80,109.74,9386.48,2969,20,ransomware,1,2,1
2025-04-23 17:24:12,185.220.173.142,10.0.1.9,ICMP,3389,12.1,14505.2,1747,28,brute_force,1,2,1
2025-04-23 00:11:12,192.168.4.18,10.0.3.15,TCP,8080,35.64,120.69,64,3,normal,1,2,0
2025-04-23 00:10:20,198.199.123.191,10.0.0.100,TCP,443,16.37,4041.46,953,22,brute_force,1,2,1
2025-04-23 06:19:27,103.21.52.129,10.0.3.71,TCP,80,112.76,4064.16,2855,25,exfiltration,1,2,1
2025-04-23 04:28:04,198.199.119.148,10.0.0.189,TCP,22,105.63,8836.13,2831,17,exfiltration,1,2,1
2025-04-23 20:56:58,94.102.231.159,10.0.3.118,UDP,443,50.39,7084.17,1217,19,exfiltration,1,2,1
2025-04-23 22:36:06,91.108.138.75,10.0.0.179,TCP,3389,33.58,13512.04,1146,17,ransomware,1,2,1
2025-04-23 13:48:35,192.168.2.105,10.0.3.43,TCP,443,61.02,39.85,31,2,normal,1,2,0
2025-04-23 16:02:29,192.168.1.102,10.0.0.3,TCP,80,48.52,158.65,195,3,normal,1,2,0
2025-04-23 22:58:08,192.168.5.63,10.0.3.36,UDP,22,10.82,199.06,22,3,normal,1,2,0
2025-04-23 05:10:53,192.168.3.44,10.0.0.172,TCP,22,64.62,79.12,36,0,normal,1,2,0
2025-04-23 04:28:22,192.168.5.13,10.0.0.100,TCP,3389,26.72,358.15,141,0,normal,1,2,0
2025-04-23 01:38:00,192.168.1.52,10.0.0.5,UDP,80,45.58,309.17,68,3,normal,1,2,0
2025-04-23 00:21:52,192.168.5.43,10.0.1.12,UDP,8080,95.83,96.02,29,0,normal,1,2,0
2025-04-23 03:52:20,192.168.3.31,10.0.1.55,TCP,22,48.01,253.62,143,1,normal,1,2,0
2025-04-23 10:11:00,91.108.209.72,10.0.2.12,TCP,443,27.19,7059.43,2379,10,brute_force,1,2,1
2025-04-23 13:19:49,185.220.154.84,10.0.3.174,TCP,22,21.4,12286.38,2831,27,ransomware,1,2,1
2025-04-23 05:40:48,103.21.115.98,10.0.1.129,ICMP,80,73.42,2877.68,572,25,brute_force,1,2,1
2025-04-23 07:01:39,103.21.21.16,10.0.1.96,UDP,22,91.11,5073.15,2255,19,ransomware,1,2,1
2025-04-23 06:09:24,192.168.3.190,10.0.2.35,TCP,22,72.17,102.84,190,0,normal,1,2,0
2025-04-23 20:50:48,192.168.1.217,10.0.2.88,TCP,443,90.32,262.74,78,3,normal,1,2,0
2025-04-24 17:03:58,62.210.98.134,10.0.2.47,UDP,80,43.93,22183.75,6894,45,brute_force,1,2,1
2025-04-24 02:55:31,192.168.1.24,10.0.1.152,ICMP,443,169.2,25.11,41,0,normal,1,2,0
2025-04-24 07:32:05,94.102.156.64,10.0.2.74,ICMP,3389,47.86,9103.97,2618,29,scan_port,1,2,1
2025-04-24 20:12:17,94.102.121.113,10.0.3.130,ICMP,3389,74.69,28775.33,3945,22,scan_port,1,2,1
2025-04-24 04:52:50,45.33.153.138,10.0.1.142,TCP,22,163.63,26351.06,7216,33,scan_port,1,2,1
2025-04-24 12:29:19,91.108.121.51,10.0.1.235,TCP,80,63.32,20150.63,1589,37,scan_port,1,2,1
2025-04-24 00:55:32,91.108.96.99,10.0.3.79,ICMP,80,169.55,15113.88,4406,35,exfiltration,1,2,1
2025-04-24 13:56:02,198.199.246.66,10.0.2.131,UDP,22,38.99,28303.24,2330,32,ransomware,1,2,1
2025-04-24 22:03:41,62.210.93.162,10.0.0.179,TCP,22,11.04,11169.8,4913,43,scan_port,1,2,1
2025-04-24 19:29:43,192.168.0.165,10.0.3.102,ICMP,80,7.16,184.62,46,0,normal,1,2,0
2025-04-24 16:58:12,103.21.169.227,10.0.3.151,TCP,3389,57.89,15671.79,6667,46,brute_force,1,2,1
2025-04-24 23:55:05,192.168.2.192,10.0.1.239,UDP,22,147.49,235.24,93,2,normal,1,2,0
2025-04-24 00:10:52,91.108.74.188,10.0.3.44,TCP,22,96.87,24343.59,4422,22,ransomware,1,2,1
2025-04-24 05:45:08,192.168.1.48,10.0.1.16,TCP,443,83.87,155.76,33,0,normal,1,2,0
2025-04-24 08:57:55,198.199.32.71,10.0.0.88,TCP,8080,56.3,20910.84,1653,47,ransomware,1,2,1
2025-04-24 07:30:31,91.108.150.203,10.0.0.25,TCP,8080,172.16,6526.41,7158,20,ransomware,1,2,1
2025-04-24 00:24:38,198.199.87.95,10.0.2.81,TCP,22,63.98,17148.15,7200,49,exfiltration,1,2,1
2025-04-24 21:25:24,62.210.179.103,10.0.1.7,ICMP,80,5.54,13256.38,1820,47,exfiltration,1,2,1
2025-04-24 16:17:44,198.199.132.106,10.0.1.1,TCP,80,120.3,16297.95,6621,31,brute_force,1,2,1
2025-04-24 20:23:55,192.168.3.103,10.0.0.90,UDP,3389,45.87,104.4,118,2,normal,1,2,0
2025-04-24 21:54:44,103.21.225.147,10.0.0.33,UDP,80,30.05,20179.35,6832,29,scan_port,1,2,1
2025-04-24 09:53:43,103.21.62.63,10.0.1.44,TCP,80,89.38,27410.21,1947,25,scan_port,1,2,1
2025-04-24 13:45:01,192.168.2.171,10.0.3.244,TCP,443,43.57,271.77,76,1,normal,1,2,0
2025-04-24 17:40:46,103.21.17.165,10.0.2.97,UDP,8080,139.11,10595.16,5718,47,exfiltration,1,2,1
2025-04-24 13:51:14,192.168.5.152,10.0.1.191,TCP,8080,20.6,94.38,33,0,normal,1,2,0
2025-04-24 11:08:54,103.21.49.217,10.0.3.251,UDP,22,15.83,23422.95,3546,38,scan_port,1,2,1
2025-04-24 11:51:43,198.199.3.138,10.0.3.81,TCP,22,43.87,21593.57,5839,36,brute_force,1,2,1
2025-04-24 07:31:43,91.108.9.154,10.0.2.80,ICMP,80,145.23,23676.5,7956,24,exfiltration,1,2,1
2025-04-24 08:54:45,62.210.86.40,10.0.1.218,TCP,80,15.29,12287.38,4085,35,brute_force,1,2,1
2025-04-24 05:54:31,185.220.141.101,10.0.2.109,UDP,22,32.86,21481.26,7951,46,exfiltration,1,2,1
2025-04-24 12:25:04,103.21.101.25,10.0.1.83,ICMP,80,127.69,22409.41,2598,29,exfiltration,1,2,1
2025-04-24 22:19:29,94.102.56.206,10.0.1.189,TCP,22,162.01,22398.89,3384,34,brute_force,1,2,1
2025-04-24 23:54:36,192.168.1.238,10.0.0.25,TCP,3389,123.9,119.2,114,0,normal,1,2,0
2025-04-24 05:03:07,198.199.63.9,10.0.0.62,UDP,3389,114.72,15845.54,2217,38,exfiltration,1,2,1
2025-04-24 09:44:38,185.220.200.119,10.0.3.71,UDP,22,122.38,22294.87,7515,44,scan_port,1,2,1
2025-04-24 00:07:07,192.168.4.147,10.0.3.71,TCP,8080,44.36,196.01,135,1,normal,1,2,0
2025-04-24 05:24:30,91.108.233.221,10.0.1.104,TCP,3389,61.92,19285.58,1814,29,scan_port,1,2,1
2025-04-24 17:52:34,62.210.203.167,10.0.0.193,TCP,80,99.32,17972.53,5790,22,scan_port,1,2,1
2025-04-25 05:55:38,94.102.148.53,10.0.1.23,ICMP,22,26.53,16180.82,3574,37,ransomware,1,2,1
2025-04-25 01:05:07,91.108.1.64,10.0.2.12,ICMP,22,175.99,18610.68,4465,50,exfiltration,1,2,1
2025-04-25 21:34:28,192.168.2.156,10.0.1.177,TCP,80,164.39,211.58,138,1,normal,1,2,0
2025-04-25 07:02:12,192.168.2.72,10.0.1.187,ICMP,3389,42.81,287.65,146,0,normal,1,2,0
2025-04-25 02:35:16,192.168.2.174,10.0.3.241,TCP,8080,84.81,272.06,107,2,normal,1,2,0
2025-04-25 06:04:40,103.21.155.42,10.0.3.211,TCP,22,118.36,14303.56,6384,42,brute_force,1,2,1
2025-04-25 13:24:01,103.21.105.17,10.0.2.164,TCP,22,24.25,11753.13,5353,22,brute_force,1,2,1
2025-04-25 10:49:17,192.168.1.97,10.0.0.201,TCP,443,71.0,89.36,30,0,normal,1,2,0
2025-04-25 16:46:56,45.33.142.70,10.0.0.230,TCP,443,105.13,18224.0,6738,23,scan_port,1,2,1
2025-04-25 10:48:24,192.168.3.123,10.0.1.67,TCP,8080,101.54,206.57,141,2,normal,1,2,0
2025-04-25 22:09:42,192.168.5.164,10.0.2.182,TCP,8080,14.25,174.59,73,1,normal,1,2,0
2025-04-25 13:45:29,192.168.3.134,10.0.1.79,TCP,22,55.19,241.56,133,1,normal,1,2,0
2025-04-25 13:49:20,185.220.22.191,10.0.2.142,UDP,80,33.89,23248.83,1767,22,ransomware,1,2,1
2025-04-25 13:43:32,103.21.179.32,10.0.3.4,ICMP,443,179.64,17445.13,6612,35,brute_force,1,2,1
2025-04-25 23:00:45,62.210.226.242,10.0.0.156,UDP,443,171.4,29855.55,6416,27,exfiltration,1,2,1
2025-04-25 21:59:56,45.33.244.14,10.0.3.127,UDP,443,28.33,6878.06,7876,25,brute_force,1,2,1
2025-04-25 11:07:21,45.33.77.124,10.0.2.68,TCP,80,155.12,18477.99,7278,46,brute_force,1,2,1
2025-04-25 23:40:36,185.220.240.119,10.0.3.15,TCP,80,95.22,28327.79,6267,49,exfiltration,1,2,1
2025-04-25 19:29:21,45.33.3.26,10.0.3.126,TCP,80,37.58,13743.04,6918,20,ransomware,1,2,1
2025-04-25 16:32:57,192.168.5.65,10.0.1.121,UDP,22,32.24,274.8,6,0,normal,1,2,0
2025-04-25 09:23:27,94.102.36.91,10.0.3.2,TCP,443,151.89,29734.23,6376,23,exfiltration,1,2,1
2025-04-25 03:12:18,192.168.1.171,10.0.1.243,UDP,22,162.67,132.11,89,1,normal,1,2,0
2025-04-25 03:26:31,103.21.186.237,10.0.3.34,TCP,80,159.31,23777.25,7392,30,brute_force,1,2,1
2025-04-25 00:08:09,45.33.110.250,10.0.0.112,UDP,22,123.7,22110.94,1426,44,ransomware,1,2,1
2025-04-25 09:31:05,45.33.197.30,10.0.2.180,TCP,3389,37.7,8812.39,5188,39,brute_force,1,2,1
2025-04-25 06:30:45,62.210.152.162,10.0.1.59,TCP,443,36.71,23261.42,6006,42,ransomware,1,2,1
2025-04-25 12:02:17,185.220.98.105,10.0.2.180,TCP,443,20.91,5441.53,2635,33,brute_force,1,2,1
2025-04-25 10:27:30,192.168.2.72,10.0.2.183,UDP,443,24.26,196.72,82,1,normal,1,2,0
2025-04-25 10:57:03,192.168.3.72,10.0.0.111,TCP,22,42.1,25.12,87,0,normal,1,2,0
2025-04-25 15:23:21,94.102.85.93,10.0.2.191,ICMP,8080,139.83,5341.54,5520,41,ransomware,1,2,1
2025-04-25 19:23:15,91.108.155.31,10.0.0.151,TCP,443,27.83,14601.23,1871,38,brute_force,1,2,1
2025-04-25 22:28:59,192.168.1.137,10.0.1.12,TCP,443,131.94,189.51,82,2,normal,1,2,0
2025-04-25 13:35:45,192.168.5.31,10.0.3.18,UDP,3389,83.48,292.79,98,2,normal,1,2,0
2025-04-25 16:59:32,103.21.16.204,10.0.1.190,UDP,3389,55.69,11853.72,2056,39,brute_force,1,2,1
2025-04-25 21:34:55,62.210.100.103,10.0.2.53,TCP,80,72.23,15943.62,5172,25,ransomware,1,2,1
2025-04-25 05:36:13,91.108.185.135,10.0.2.78,TCP,22,84.7,28215.68,5200,48,ransomware,1,2,1
2025-04-25 22:17:35,192.168.5.38,10.0.2.238,TCP,22,56.07,23.23,65,0,normal,1,2,0
2025-04-25 01:41:15,103.21.249.95,10.0.2.22,ICMP,22,65.81,7904.62,6313,37,brute_force,1,2,1
2025-04-26 23:08:26,62.210.92.57,10.0.2.46,TCP,80,147.79,29631.53,6127,30,exfiltration,1,3,1
2025-04-26 17:42:55,45.33.223.161,10.0.1.210,UDP,443,170.49,23644.24,4129,43,ransomware,1,3,1
2025-04-26 10:17:13,45.33.38.231,10.0.3.24,UDP,443,132.1,16151.4,6978,24,scan_port,1,3,1
2025-04-26 14:11:52,45.33.6.80,10.0.1.227,TCP,3389,36.57,17262.96,6975,38,brute_force,1,3,1
2025-04-26 21:38:12,192.168.3.26,10.0.1.187,TCP,8080,164.1,133.65,121,0,normal,1,3,0
2025-04-26 03:24:24,192.168.0.69,10.0.1.241,ICMP,80,28.13,231.4,16,0,normal,1,3,0
2025-04-26 00:50:06,62.210.145.229,10.0.3.209,TCP,22,29.37,22686.39,2657,47,exfiltration,1,3,1
2025-04-26 10:30:09,192.168.0.27,10.0.2.27,ICMP,3389,26.54,210.69,144,2,normal,1,3,0
2025-04-26 04:00:58,192.168.2.58,10.0.3.176,TCP,3389,66.83,133.87,42,0,normal,1,3,0
2025-04-26 05:07:14,192.168.0.230,10.0.0.155,TCP,443,25.71,113.62,90,1,normal,1,3,0
2025-04-26 13:33:21,62.210.74.90,10.0.0.70,UDP,22,57.77,27327.94,6629,24,scan_port,1,3,1
2025-04-26 08:51:58,94.102.82.38,10.0.3.115,UDP,80,141.11,5054.47,2217,45,ransomware,1,3,1
2025-04-26 03:36:27,198.199.91.82,10.0.3.109,UDP,3389,36.83,7261.18,2044,24,exfiltration,1,3,1
2025-04-26 19:50:40,198.199.137.138,10.0.1.99,TCP,8080,99.28,15466.49,5072,32,brute_force,1,3,1
2025-04-26 22:26:33,62.210.5.93,10.0.3.246,TCP,80,5.5,7181.26,3963,42,brute_force,1,3,1
2025-04-26 01:58:22,198.199.63.54,10.0.1.15,TCP,80,154.33,16509.71,7842,29,brute_force,1,3,1
2025-04-26 22:45:09,185.220.170.149,10.0.0.123,ICMP,443,14.46,29122.83,4044,42,ransomware,1,3,1
2025-04-26 00:09:23,192.168.3.39,10.0.1.121,TCP,8080,150.44,32.35,150,0,normal,1,3,0
2025-04-26 22:19:30,185.220.40.16,10.0.0.155,TCP,8080,7.31,24534.92,6695,34,exfiltration,1,3,1
2025-04-26 05:00:25,103.21.79.182,10.0.1.109,TCP,22,165.85,22785.17,3113,37,scan_port,1,3,1
2025-04-26 02:33:24,198.199.48.211,10.0.0.210,UDP,3389,14.8,10296.61,6071,43,brute_force,1,3,1
2025-04-26 10:41:41,94.102.70.28,10.0.0.20,TCP,8080,118.16,6366.79,4043,25,scan_port,1,3,1
2025-04-26 10:01:15,45.33.49.142,10.0.1.164,TCP,443,137.39,10297.75,1089,22,ransomware,1,3,1
2025-04-26 08:05:36,185.220.252.92,10.0.2.246,UDP,8080,170.11,6201.22,1763,21,scan_port,1,3,1
2025-04-26 06:20:48,91.108.129.26,10.0.1.7,ICMP,3389,62.98,22566.42,1797,24,exfiltration,1,3,1
2025-04-26 15:37:55,91.108.24.244,10.0.1.227,TCP,443,18.78,8788.45,4793,25,exfiltration,1,3,1
2025-04-26 22:10:32,103.21.220.241,10.0.3.11,UDP,443,55.9,24633.8,3777,34,exfiltration,1,3,1
2025-04-26 06:39:38,192.168.0.37,10.0.2.141,TCP,3389,22.05,174.4,132,0,normal,1,3,0
2025-04-26 03:29:20,192.168.2.23,10.0.0.46,UDP,22,105.89,56.83,76,1,normal,1,3,0
2025-04-26 15:16:48,45.33.220.74,10.0.3.105,ICMP,443,90.45,8099.16,5659,50,brute_force,1,3,1
2025-04-26 14:23:32,45.33.225.225,10.0.0.159,TCP,443,93.54,7087.26,4384,31,exfiltration,1,3,1
2025-04-26 22:52:35,192.168.0.58,10.0.3.224,UDP,80,104.77,94.29,45,0,normal,1,3,0
2025-04-26 11:29:29,198.199.197.111,10.0.1.103,TCP,80,23.96,7145.56,6994,23,scan_port,1,3,1
2025-04-26 10:21:38,198.199.38.164,10.0.1.82,ICMP,80,100.39,11959.38,1313,23,scan_port,1,3,1
2025-04-26 19:49:24,192.168.1.223,10.0.0.244,UDP,22,42.35,238.97,126,1,normal,1,3,0
2025-04-26 08:40:11,192.168.5.116,10.0.3.135,TCP,22,57.21,89.43,25,0,normal,1,3,0
2025-04-26 05:53:03,192.168.2.242,10.0.3.124,UDP,8080,33.79,109.19,81,1,normal,1,3,0
2025-04-26 22:50:10,185.220.144.201,10.0.1.20,ICMP,8080,73.1,27814.95,5672,31,scan_port,1,3,1
2025-04-27 04:20:42,198.199.222.82,10.0.0.203,UDP,22,168.42,8762.66,4757,20,exfiltration,1,3,1
2025-04-27 16:46:00,94.102.191.251,10.0.1.108,ICMP,443,22.05,16233.22,5738,40,brute_force,1,3,1
2025-04-27 19:24:13,45.33.5.78,10.0.2.129,TCP,3389,69.79,19420.91,1117,41,brute_force,1,3,1
2025-04-27 20:29:26,45.33.30.238,10.0.1.118,UDP,22,175.46,18561.68,5285,46,exfiltration,1,3,1
2025-04-27 05:35:38,192.168.5.159,10.0.0.23,TCP,80,115.97,120.65,116,1,normal,1,3,0
2025-04-27 20:01:39,185.220.163.114,10.0.0.171,TCP,3389,167.27,23748.59,6110,35,ransomware,1,3,1
2025-04-27 06:14:49,45.33.248.204,10.0.3.106,UDP,80,171.35,9889.01,4846,23,scan_port,1,3,1
2025-04-27 11:50:14,62.210.233.107,10.0.1.2,UDP,80,151.73,21467.05,3518,48,exfiltration,1,3,1
2025-04-27 00:01:09,94.102.143.250,10.0.3.50,ICMP,3389,178.75,9260.27,5687,30,exfiltration,1,3,1
2025-04-27 01:51:59,45.33.133.41,10.0.3.60,TCP,443,35.4,20906.84,6964,50,brute_force,1,3,1
2025-04-27 16:07:40,94.102.243.83,10.0.1.24,TCP,80,151.53,24054.3,3131,46,scan_port,1,3,1
2025-04-27 13:00:40,185.220.147.98,10.0.0.191,TCP,3389,166.1,20452.49,5453,20,brute_force,1,3,1
2025-04-27 20:40:49,62.210.63.186,10.0.3.198,TCP,80,38.92,27447.73,3432,40,brute_force,1,3,1
2025-04-27 08:05:59,192.168.4.32,10.0.0.37,TCP,22,24.41,195.13,31,0,normal,1,3,0
2025-04-27 05:05:04,62.210.6.106,10.0.0.125,TCP,443,22.62,25957.9,4201,49,exfiltration,1,3,1
2025-04-27 21:26:24,94.102.169.146,10.0.0.31,TCP,22,6.77,9027.59,3447,45,scan_port,1,3,1
2025-04-27 15:39:38,185.220.138.6,10.0.1.56,TCP,80,38.75,23542.42,1996,36,brute_force,1,3,1
2025-04-27 06:01:20,192.168.3.52,10.0.0.90,ICMP,22,51.83,221.05,37,0,normal,1,3,0
2025-04-27 14:47:51,62.210.228.184,10.0.2.247,UDP,80,39.63,9826.36,2416,49,scan_port,1,3,1
2025-04-27 18:50:49,198.199.109.153,10.0.2.209,TCP,8080,90.37,10145.8,6915,45,brute_force,1,3,1
2025-04-27 03:38:24,94.102.228.9,10.0.2.151,UDP,22,16.25,27447.37,7712,31,exfiltration,1,3,1
2025-04-27 19:52:56,198.199.203.48,10.0.2.63,TCP,443,146.58,5748.5,2473,32,exfiltration,1,3,1
2025-04-27 21:23:23,192.168.5.85,10.0.1.120,ICMP,22,125.45,45.47,86,1,normal,1,3,0
2025-04-27 07:35:04,103.21.243.227,10.0.0.147,UDP,3389,53.66,10436.59,5595,36,brute_force,1,3,1
2025-04-27 10:52:20,192.168.2.108,10.0.0.32,UDP,443,13.19,242.79,132,0,normal,1,3,0
2025-04-27 19:20:37,185.220.234.119,10.0.2.34,UDP,80,154.82,5445.91,7416,29,ransomware,1,3,1
2025-04-27 17:58:33,192.168.3.186,10.0.2.71,TCP,22,21.65,14.72,125,2,normal,1,3,0
2025-04-27 12:05:35,198.199.127.218,10.0.0.216,TCP,8080,126.88,6176.82,3444,39,scan_port,1,3,1
2025-04-27 03:01:14,192.168.5.112,10.0.1.44,TCP,443,155.74,50.23,87,0,normal,1,3,0
2025-04-27 23:57:51,62.210.12.29,10.0.0.243,TCP,80,50.45,22206.03,1430,49,ransomware,1,3,1
2025-04-27 08:21:44,185.220.33.82,10.0.1.193,ICMP,3389,107.1,22466.62,2128,28,scan_port,1,3,1
2025-04-27 20:28:42,192.168.2.83,10.0.3.58,TCP,22,120.72,79.75,127,2,normal,1,3,0
2025-04-27 09:45:05,185.220.249.127,10.0.0.55,TCP,443,126.62,21178.36,2686,41,brute_force,1,3,1
2025-04-27 14:52:24,192.168.2.195,10.0.2.182,UDP,443,94.94,108.73,140,0,normal,1,3,0
2025-04-27 16:06:58,192.168.4.52,10.0.3.49,TCP,22,156.88,121.82,120,1,normal,1,3,0
2025-04-27 13:10:43,94.102.5.229,10.0.3.48,TCP,80,135.38,16523.85,1877,24,ransomware,1,3,1
2025-04-27 15:42:33,94.102.39.102,10.0.3.131,TCP,80,67.02,28173.19,1688,23,exfiltration,1,3,1
2025-04-27 14:17:23,192.168.1.104,10.0.1.153,TCP,8080,38.94,120.93,113,2,normal,1,3,0
2025-04-28 19:31:33,192.168.0.230,10.0.0.148,TCP,443,13.56,262.07,33,0,normal,2,2,0
2025-04-28 02:34:06,192.168.5.69,10.0.3.53,TCP,443,13.58,162.84,30,1,normal,2,2,0
2025-04-28 11:40:18,192.168.5.160,10.0.3.190,TCP,443,11.51,296.21,29,1,normal,2,2,0
2025-04-28 05:20:43,192.168.0.171,10.0.3.110,TCP,80,8.94,139.54,121,0,normal,2,2,0
2025-04-28 05:16:56,192.168.3.224,10.0.1.121,TCP,80,35.2,241.66,126,0,normal,2,2,0
2025-04-28 00:36:43,185.220.26.78,10.0.2.116,UDP,22,9.22,1055.98,436,6,scan_port,2,2,1
2025-04-28 17:16:42,192.168.2.229,10.0.3.29,TCP,8080,18.42,188.91,95,1,normal,2,2,0
2025-04-28 23:40:01,192.168.2.128,10.0.0.63,ICMP,3389,59.65,343.94,173,1,normal,2,2,0
2025-04-28 11:13:47,192.168.5.140,10.0.3.253,ICMP,443,52.69,259.11,75,1,normal,2,2,0
2025-04-28 08:58:43,192.168.2.80,10.0.1.11,ICMP,8080,56.74,162.5,111,1,normal,2,2,0
2025-04-28 22:21:53,192.168.2.74,10.0.0.249,TCP,3389,58.11,320.18,150,1,normal,2,2,0
2025-04-28 21:09:29,192.168.3.74,10.0.0.205,TCP,80,10.18,253.28,175,1,normal,2,2,0
2025-04-28 14:02:13,192.168.2.170,10.0.0.13,TCP,443,0.8,30.75,83,0,normal,2,2,0
2025-04-28 11:56:18,192.168.5.51,10.0.3.150,TCP,22,16.6,381.94,187,0,normal,2,2,0
2025-04-28 07:02:30,185.220.229.67,10.0.2.153,TCP,443,25.64,1389.15,247,8,scan_port,2,2,1
2025-04-28 18:27:43,103.21.52.78,10.0.2.22,TCP,8080,8.57,1558.55,178,7,scan_port,2,2,1
2025-04-28 20:29:34,192.168.2.129,10.0.2.120,TCP,3389,26.79,47.46,139,1,normal,2,2,0
2025-04-28 14:26:26,192.168.1.158,10.0.2.202,TCP,8080,5.76,383.42,112,0,normal,2,2,0
2025-04-28 16:23:08,192.168.5.2,10.0.3.207,ICMP,3389,7.99,30.88,105,1,normal,2,2,0
2025-04-28 01:05:03,192.168.4.124,10.0.2.222,TCP,80,49.41,140.06,29,0,normal,2,2,0
2025-04-28 23:37:43,192.168.5.248,10.0.3.35,TCP,443,9.08,283.61,137,0,normal,2,2,0
2025-04-28 09:40:19,192.168.0.18,10.0.0.40,ICMP,80,41.42,324.19,164,0,normal,2,2,0
2025-04-28 16:06:15,192.168.0.238,10.0.0.77,UDP,3389,26.91,19.62,134,1,normal,2,2,0
2025-04-28 05:52:15,103.21.32.111,10.0.1.163,TCP,443,51.63,1264.24,274,8,brute_force,2,2,1
2025-04-28 04:52:47,192.168.3.123,10.0.2.75,TCP,8080,33.03,209.49,184,0,normal,2,2,0
2025-04-28 15:23:42,192.168.3.38,10.0.0.73,UDP,80,28.11,282.08,32,1,normal,2,2,0
2025-04-28 18:24:00,192.168.0.233,10.0.2.247,TCP,3389,37.38,261.59,173,0,normal,2,2,0
2025-04-28 23:29:17,192.168.5.135,10.0.3.132,TCP,443,13.04,149.52,133,0,normal,2,2,0
2025-04-28 20:09:22,192.168.5.78,10.0.3.18,UDP,3389,17.06,189.2,40,1,normal,2,2,0
2025-04-28 15:38:42,192.168.4.90,10.0.3.18,TCP,80,35.54,60.47,87,1,normal,2,2,0
2025-04-28 23:10:14,192.168.1.252,10.0.1.27,TCP,3389,28.85,204.78,178,0,normal,2,2,0
2025-04-28 13:59:04,192.168.2.156,10.0.0.237,TCP,22,4.84,54.64,196,1,normal,2,2,0
2025-04-28 03:44:28,192.168.2.58,10.0.1.190,TCP,3389,26.53,86.33,130,0,normal,2,2,0
2025-04-28 16:51:50,192.168.0.208,10.0.1.229,TCP,22,6.22,255.36,176,0,normal,2,2,0
2025-04-28 13:36:34,198.199.49.214,10.0.1.147,UDP,8080,38.71,1396.49,422,3,brute_force,2,2,1
2025-04-29 11:22:39,192.168.3.224,10.0.0.146,TCP,443,12.88,402.78,117,0,normal,2,1,0
2025-04-29 16:19:06,192.168.1.211,10.0.2.237,TCP,3389,9.99,35.22,143,0,normal,2,1,0
2025-04-29 22:22:04,192.168.1.219,10.0.2.103,ICMP,80,16.08,484.38,24,0,normal,2,1,0
2025-04-29 17:44:57,192.168.0.87,10.0.3.67,TCP,22,19.63,469.09,72,1,normal,2,1,0
2025-04-29 01:08:13,192.168.0.61,10.0.3.19,ICMP,8080,19.93,171.51,198,2,normal,2,1,0
2025-04-29 22:53:48,192.168.4.238,10.0.0.228,ICMP,3389,17.98,490.72,111,1,normal,2,1,0
2025-04-29 04:17:46,192.168.3.123,10.0.2.201,TCP,80,19.55,253.33,62,0,normal,2,1,0
2025-04-29 01:01:49,192.168.5.5,10.0.3.14,UDP,3389,20.49,271.75,102,0,normal,2,1,0
2025-04-29 22:08:27,192.168.4.252,10.0.2.91,TCP,22,3.63,77.51,117,2,normal,2,1,0
2025-04-29 13:58:03,192.168.4.146,10.0.0.254,TCP,443,12.45,298.42,63,0,normal,2,1,0
2025-04-29 01:04:03,192.168.5.228,10.0.1.75,TCP,8080,10.56,148.47,85,0,normal,2,1,0
2025-04-29 12:30:42,192.168.5.189,10.0.2.230,TCP,3389,6.26,47.43,144,0,normal,2,1,0
2025-04-29 22:19:23,192.168.2.82,10.0.0.14,TCP,3389,15.85,435.8,67,1,normal,2,1,0
2025-04-29 22:39:31,192.168.5.142,10.0.1.32,TCP,443,6.99,456.9,138,0,normal,2,1,0
2025-04-29 01:15:44,192.168.0.70,10.0.2.151,UDP,22,15.02,476.99,10,1,normal,2,1,0
2025-04-29 02:03:17,192.168.0.58,10.0.1.98,TCP,3389,11.6,252.73,102,1,normal,2,1,0
2025-04-29 17:03:42,192.168.2.237,10.0.2.208,ICMP,443,27.31,383.87,11,2,normal,2,1,0
2025-04-29 00:21:46,192.168.0.207,10.0.0.142,UDP,22,27.86,434.21,191,1,normal,2,1,0
2025-04-29 17:29:27,192.168.3.120,10.0.1.34,TCP,22,4.96,386.82,71,2,normal,2,1,0
2025-04-29 21:17:05,192.168.4.71,10.0.2.69,TCP,8080,11.9,154.95,151,2,scan_port,2,1,1
2025-04-29 00:07:19,192.168.0.113,10.0.0.120,TCP,22,13.37,419.64,50,1,normal,2,1,0
2025-04-29 15:40:54,192.168.4.142,10.0.2.245,TCP,3389,8.37,38.71,25,1,normal,2,1,0
2025-04-29 05:16:49,192.168.1.38,10.0.0.60,TCP,80,6.9,435.84,37,1,normal,2,1,0
2025-04-29 05:43:32,192.168.0.244,10.0.2.250,TCP,80,21.55,165.49,146,2,normal,2,1,0
2025-04-29 21:54:54,192.168.0.20,10.0.3.29,ICMP,80,7.12,361.98,158,2,normal,2,1,0
2025-04-29 07:13:20,192.168.2.37,10.0.0.84,ICMP,22,12.85,213.83,169,2,normal,2,1,0
2025-04-29 10:26:57,192.168.1.95,10.0.0.75,TCP,8080,18.7,471.81,80,1,normal,2,1,0
2025-04-29 00:06:38,192.168.4.183,10.0.2.241,TCP,3389,15.29,260.29,194,1,normal,2,1,0
2025-04-29 18:02:42,192.168.0.246,10.0.1.145,ICMP,8080,2.45,383.68,171,1,normal,2,1,0
2025-04-29 20:35:46,192.168.4.121,10.0.3.82,TCP,443,23.97,69.41,140,2,normal,2,1,0
2025-04-29 18:18:58,192.168.2.192,10.0.0.178,TCP,3389,7.0,401.51,97,0,normal,2,1,0
2025-04-29 23:56:26,192.168.5.124,10.0.1.115,UDP,443,27.45,284.62,24,1,normal,2,1,0
2025-04-30 18:52:52,192.168.5.36,10.0.2.204,TCP,22,20.26,130.02,109,2,scan_port,0,0,1
2025-04-30 10:07:05,192.168.1.231,10.0.1.225,UDP,80,14.88,491.79,152,2,normal,0,0,0
2025-04-30 05:07:26,192.168.1.223,10.0.0.214,UDP,80,22.31,358.58,125,2,normal,0,0,0
2025-04-30 22:10:04,192.168.3.179,10.0.1.183,TCP,80,10.7,460.13,113,2,normal,0,0,0
2025-04-30 10:57:52,192.168.0.19,10.0.2.244,UDP,3389,29.82,308.29,32,2,normal,0,0,0
2025-04-30 20:28:47,192.168.1.186,10.0.0.39,TCP,8080,4.12,381.25,184,1,normal,0,0,0
2025-04-30 18:23:43,192.168.4.72,10.0.0.60,TCP,3389,15.31,167.01,50,1,normal,0,0,0
2025-04-30 10:03:36,192.168.3.82,10.0.1.245,TCP,80,8.63,294.12,114,2,normal,0,0,0
2025-04-30 23:56:46,192.168.2.73,10.0.1.31,TCP,22,9.5,146.35,162,2,normal,0,0,0
2025-04-30 15:28:14,192.168.0.237,10.0.1.171,TCP,443,29.67,470.21,71,1,normal,0,0,0
2025-04-30 03:13:35,192.168.4.138,10.0.1.2,UDP,80,28.8,23.4,15,0,normal,0,0,0
2025-04-30 11:13:18,192.168.3.76,10.0.0.184,TCP,3389,15.67,218.99,118,2,normal,0,0,0
2025-04-30 13:31:16,192.168.2.206,10.0.0.191,TCP,80,20.09,496.61,192,0,normal,0,0,0
2025-04-30 10:10:32,192.168.0.181,10.0.2.229,TCP,3389,20.2,319.01,136,1,normal,0,0,0
2025-04-30 03:59:45,192.168.5.10,10.0.0.63,TCP,8080,19.87,103.3,147,1,normal,0,0,0
2025-04-30 12:55:14,192.168.5.128,10.0.2.34,TCP,80,24.43,240.36,129,1,normal,0,0,0
2025-04-30 16:54:46,192.168.1.182,10.0.1.10,UDP,22,16.78,222.82,130,0,normal,0,0,0
2025-04-30 19:24:40,192.168.1.225,10.0.2.216,TCP,22,19.74,180.86,140,2,normal,0,0,0
2025-04-30 21:31:31,192.168.0.57,10.0.0.247,TCP,3389,14.48,302.94,144,1,normal,0,0,0
2025-04-30 14:20:15,192.168.2.179,10.0.3.181,TCP,3389,19.85,96.34,86,0,normal,0,0,0
2025-04-30 15:38:26,192.168.3.16,10.0.2.67,TCP,3389,6.53,152.56,134,0,normal,0,0,0
2025-04-30 12:51:28,192.168.1.87,10.0.0.79,UDP,3389,14.62,457.06,73,1,normal,0,0,0
2025-04-30 07:36:56,192.168.4.157,10.0.2.34,ICMP,8080,28.44,391.98,33,0,normal,0,0,0
2025-04-30 00:46:01,192.168.4.17,10.0.0.133,TCP,22,27.38,392.41,90,0,normal,0,0,0
2025-04-30 17:12:10,192.168.1.234,10.0.2.85,UDP,443,8.78,431.26,63,1,normal,0,0,0
2025-04-30 17:46:15,192.168.0.129,10.0.3.203,UDP,80,28.22,424.29,198,0,normal,0,0,0
2025-04-30 05:18:19,192.168.5.32,10.0.3.168,UDP,443,1.11,388.48,68,2,normal,0,0,0
2025-04-30 23:56:17,192.168.5.107,10.0.0.4,ICMP,8080,21.13,46.21,189,0,normal,0,0,0
2025-04-30 04:06:47,192.168.2.109,10.0.0.78,TCP,3389,25.79,105.2,160,1,normal,0,0,0
2025-04-30 06:06:16,192.168.1.248,10.0.3.144,TCP,3389,12.94,240.99,79,2,normal,0,0,0
2025-04-30 09:58:44,192.168.2.196,10.0.0.116,TCP,8080,21.85,197.38,132,0,normal,0,0,0
2025-04-30 00:25:49,192.168.2.37,10.0.0.25,ICMP,443,19.32,243.64,32,1,normal,0,0,0
